snapshot_time,type,asset,kalshi_ticker,poly_slug,direction,combined_cost,profit,payout,kalshi_outcome,polymarket_outcome,poly_up_best_ask,poly_up_size_055,poly_up_slip_1000,poly_up_slip_3000,poly_down_best_ask,poly_down_size_055,poly_down_slip_1000,poly_down_slip_3000,kalshi_yes_levels,kalshi_no_levels,poly_up_vwap,poly_up_unfilled,poly_down_vwap,poly_down_unfilled,kalshi_yes_vwap,kalshi_yes_unfilled,kalshi_no_vwap,kalshi_no_unfilled,execution_status,combined_vwap,logged_at
2026-09-20T12:47:18.415727+00:00,CLOSED,ZEC,KXZEC15M-26SEP181515-15,zec-updown-15m-1789758000,A,0.793,0.207,1.0,up,up,,,,,,,,,0.0,0.0,,,,,,,,,,,
2026-09-20T12:47:18.632161+00:00,CLOSED,ZEC,KXZEC15M-26SEP181545-45,zec-updown-15m-1789759800,A,0.76,0.24,1.0,up,up,,,,,,,,,0.0,0.0,,,,,,,,,,,
2026-09-20T12:47:18.804623+00:00,CLOSED,SOL,KXSOL15M-26SEP181545-45,sol-updown-15m-1789759800,B,0.4,0.6,1.0,up,up,,,,,,,,,0.0,0.0,,,,,,,,,,,
2026-09-20T12:47:18.904764+00:00,CLOSED,BTC,KXBTC15M-26SEP181600-00,btc-updown-15m-1789760700,A,0.74,0.26,1.0,up,up,,,,,,,,,0.0,0.0,,,,,,,,,,,
2026-09-20T12:47:19.121027+00:00,CLOSED,HYPE,KXHYPE15M-26SEP181600-00,hype-updown-15m-1789760700,B,0.66,0.34,1.0,up,up,,,,,,,,,0.0,0.0,,,,,,,,,,,
2026-09-20T12:47:19.318179+00:00,CLOSED,ETH,KXETH15M-26SEP181600-00,eth-updown-15m-1789760700,A,0.69,0.31,1.0,down,down,,,,,,,,,0.0,0.0,,,,,,,,,,,
2026-09-20T12:47:19.505192+00:00,CLOSED,DOGE,KXDOGE15M-26SEP181600-00,doge-updown-15m-1789760700,A,0.56,-0.56,0.0,up,down,,,,,,,,,0.0,0.0,,,,,,,,,,,
2026-09-20T12:47:19.672884+00:00,CLOSED,SOL,KXSOL15M-26SEP181600-00,sol-updown-15m-1789760700,B,0.76,0.24,1.0,up,up,,,,,,,,,0.0,0.0,,,,,,,,,,,
2026-09-20T12:47:19.871313+00:00,CLOSED,ZEC,KXZEC15M-26SEP181600-00,zec-updown-15m-1789760700,A,0.69,0.31,1.0,down,down,,,,,,,,,0.0,0.0,,,,,,,,,,,
2026-09-20T12:47:20.057321+00:00,CLOSED,BNB,KXBNB15M-26SEP181600-00,bnb-updown-15m-1789761600,B,0.641,0.359,1.0,down,down,,,,,,,,,0.0,0.0,,,,,,,,,,,
2026-09-20T12:47:20.243679+00:00,CLOSED,XRP,KXXRP15M-26SEP181615-15,xrp-updown-15m-1789761600,B,0.75,0.25,1.0,down,down,,,,,,,,,0.0,0.0,,,,,,,,,,,
2026-09-20T12:47:20.441683+00:00,CLOSED,ZEC,KXZEC15M-26SEP181615-15,zec-updown-15m-1789761600,A,0.67,0.33,1.0,up,up,,,,,,,,,0.0,0.0,,,,,,,,,,,
2026-09-20T12:47:20.619984+00:00,CLOSED,ZEC,KXZEC15M-26SEP181630-30,zec-updown-15m-1789762500,B,0.75,0.25,1.0,up,up,,,,,,,,,0.0,0.0,,,,,,,,,,,
2026-09-20T12:47:20.809308+00:00,CLOSED,XRP,KXXRP15M-26SEP181630-30,xrp-updown-15m-1789762500,A,0.65,0.35,1.0,down,down,,,,,,,,,0.0,0.0,,,,,,,,,,,
2026-09-20T12:47:21.016855+00:00,CLOSED,HYPE,KXHYPE15M-26SEP181630-30,hype-updown-15m-1789762500,B,0.79,0.21,1.0,down,down,,,,,,,,,0.0,0.0,,,,,,,,,,,
2026-09-20T12:47:21.215117+00:00,CLOSED,ZEC,KXZEC15M-26SEP181645-45,zec-updown-15m-1789763400,B,0.75,0.25,1.0,up,up,,,,,,,,,0.0,0.0,,,,,,,,,,,
2026-09-20T12:47:21.411063+00:00,CLOSED,SOL,KXSOL15M-26SEP181645-45,sol-updown-15m-1789763400,B,0.77,0.23,1.0,up,up,,,,,,,,,0.0,0.0,,,,,,,,,,,
2026-09-20T12:47:21.715398+00:00,CLOSED,DOGE,KXDOGE15M-26SEP181700-00,doge-updown-15m-1789764300,B,0.79,0.21,1.0,up,up,,,,,,,,,0.0,0.0,,,,,,,,,,,
2026-09-20T12:47:21.929432+00:00,CLOSED,ZEC,KXZEC15M-26SEP181715-15,zec-updown-15m-1789765200,B,0.778,0.222,1.0,down,down,,,,,,,,,0.0,0.0,,,,,,,,,,,
2026-09-20T12:47:22.125640+00:00,CLOSED,ZEC,KXZEC15M-26SEP181730-30,zec-updown-15m-1789766100,B,0.66,0.34,1.0,down,down,,,,,,,,,0.0,0.0,,,,,,,,,,,
2026-09-20T12:47:22.301785+00:00,CLOSED,ZEC,KXZEC15M-26SEP181745-45,zec-updown-15m-1789767000,A,0.097,0.903,1.0,up,up,,,,,,,,,0.0,0.0,,,,,,,,,,,
2026-09-20T12:47:22.498408+00:00,CLOSED,HYPE,KXHYPE15M-26SEP181730-30,hype-updown-15m-1789767000,B,0.311,0.689,1.0,down,down,,,,,,,,,0.0,0.0,,,,,,,,,,,
2026-09-20T12:47:22.559945+00:00,CLOSED,HYPE,KXHYPE15M-26SEP181745-45,hype-updown-15m-1789767000,A,0.77,0.23,1.0,down,down,,,,,,,,,0.0,0.0,,,,,,,,,,,
2026-09-20T12:47:22.749334+00:00,CLOSED,ZEC,KXZEC15M-26SEP181800-00,zec-updown-15m-1789767900,B,0.79,0.21,1.0,up,up,,,,,,,,,0.0,0.0,,,,,,,,,,,
2026-09-20T12:47:22.831134+00:00,CLOSED,BTC,KXBTC15M-26SEP181800-00,btc-updown-15m-1789767900,B,0.78,0.22,1.0,up,up,,,,,,,,,0.0,0.0,,,,,,,,,,,
2026-09-20T12:47:23.027625+00:00,CLOSED,DOGE,KXDOGE15M-26SEP181815-15,doge-updown-15m-1789768800,A,0.79,0.21,1.0,up,up,,,,,,,,,0.0,0.0,,,,,,,,,,,
2026-09-20T12:47:23.215785+00:00,CLOSED,SOL,KXSOL15M-26SEP181800-00,sol-updown-15m-1789768800,A,0.631,0.369,1.0,up,up,,,,,,,,,0.0,0.0,,,,,,,,,,,
2026-09-20T12:47:23.409280+00:00,CLOSED,XRP,KXXRP15M-26SEP181815-15,xrp-updown-15m-1789768800,B,0.095,0.905,1.0,up,up,,,,,,,,,0.0,0.0,,,,,,,,,,,
2026-09-20T12:47:23.608826+00:00,CLOSED,ZEC,KXZEC15M-26SEP181815-15,zec-updown-15m-1789768800,A,0.77,0.23,1.0,up,up,,,,,,,,,0.0,0.0,,,,,,,,,,,
2026-09-20T12:47:23.809199+00:00,CLOSED,XRP,KXXRP15M-26SEP181830-30,xrp-updown-15m-1789769700,A,0.79,0.21,1.0,down,down,,,,,,,,,0.0,0.0,,,,,,,,,,,
2026-09-20T12:47:24.018524+00:00,CLOSED,DOGE,KXDOGE15M-26SEP181830-30,doge-updown-15m-1789769700,A,0.79,0.21,1.0,down,down,,,,,,,,,0.0,0.0,,,,,,,,,,,
2026-09-20T12:47:24.115889+00:00,CLOSED,ETH,KXETH15M-26SEP181830-30,eth-updown-15m-1789769700,A,0.76,0.24,1.0,up,up,,,,,,,,,0.0,0.0,,,,,,,,,,,
2026-09-20T12:47:24.313538+00:00,CLOSED,SOL,KXSOL15M-26SEP181830-30,sol-updown-15m-1789769700,A,0.78,0.22,1.0,down,down,,,,,,,,,0.0,0.0,,,,,,,,,,,
2026-09-20T12:47:24.513185+00:00,CLOSED,HYPE,KXHYPE15M-26SEP181830-30,hype-updown-15m-1789769700,A,0.79,0.21,1.0,down,down,,,,,,,,,0.0,0.0,,,,,,,,,,,
2026-09-20T12:47:24.703880+00:00,CLOSED,BTC,KXBTC15M-26SEP181830-30,btc-updown-15m-1789769700,A,0.72,0.28,1.0,up,up,,,,,,,,,0.0,0.0,,,,,,,,,,,
2026-09-20T12:47:24.892168+00:00,CLOSED,ZEC,KXZEC15M-26SEP181830-30,zec-updown-15m-1789769700,B,0.045,0.955,1.0,down,down,,,,,,,,,0.0,0.0,,,,,,,,,,,
2026-09-20T12:47:25.094324+00:00,CLOSED,BNB,KXBNB15M-26SEP181830-30,bnb-updown-15m-1789770600,A,0.451,-0.451,0.0,up,down,,,,,,,,,0.0,0.0,,,,,,,,,,,
2026-09-20T12:47:25.289643+00:00,CLOSED,ETH,KXETH15M-26SEP181845-45,eth-updown-15m-1789770600,A,0.75,0.25,1.0,down,down,,,,,,,,,0.0,0.0,,,,,,,,,,,
2026-09-20T12:47:25.477260+00:00,CLOSED,DOGE,KXDOGE15M-26SEP181845-45,doge-updown-15m-1789770600,A,0.79,0.21,1.0,down,down,,,,,,,,,0.0,0.0,,,,,,,,,,,
2026-09-20T12:47:25.668690+00:00,CLOSED,XRP,KXXRP15M-26SEP181845-45,xrp-updown-15m-1789770600,A,0.7,0.3,1.0,down,down,,,,,,,,,0.0,0.0,,,,,,,,,,,
2026-09-20T12:47:25.865978+00:00,CLOSED,ZEC,KXZEC15M-26SEP181900-00,zec-updown-15m-1789771500,B,0.78,0.22,1.0,up,up,,,,,,,,,0.0,0.0,,,,,,,,,,,
2026-09-20T12:47:25.952663+00:00,CLOSED,ETH,KXETH15M-26SEP181900-00,eth-updown-15m-1789771500,B,0.73,0.27,1.0,up,up,,,,,,,,,0.0,0.0,,,,,,,,,,,
2026-09-20T12:47:26.147117+00:00,CLOSED,SOL,KXSOL15M-26SEP181900-00,sol-updown-15m-1789771500,B,0.76,0.24,1.0,up,up,,,,,,,,,0.0,0.0,,,,,,,,,,,
2026-09-20T12:47:26.348529+00:00,CLOSED,XRP,KXXRP15M-26SEP181900-00,xrp-updown-15m-1789771500,B,0.76,0.24,1.0,up,up,,,,,,,,,0.0,0.0,,,,,,,,,,,
2026-09-20T12:47:26.546710+00:00,CLOSED,DOGE,KXDOGE15M-26SEP181900-00,doge-updown-15m-1789772400,B,0.571,0.429,1.0,down,down,,,,,,,,,0.0,0.0,,,,,,,,,,,
2026-09-20T12:47:26.748802+00:00,CLOSED,XRP,KXXRP15M-26SEP181915-15,xrp-updown-15m-1789772400,A,0.78,0.22,1.0,down,down,,,,,,,,,0.0,0.0,,,,,,,,,,,
2026-09-20T12:47:26.952485+00:00,CLOSED,HYPE,KXHYPE15M-26SEP181900-00,hype-updown-15m-1789772400,A,0.661,0.339,1.0,up,up,,,,,,,,,0.0,0.0,,,,,,,,,,,
2026-09-20T12:47:27.150011+00:00,CLOSED,ZEC,KXZEC15M-26SEP181915-15,zec-updown-15m-1789772400,A,0.769,0.231,1.0,up,up,,,,,,,,,0.0,0.0,,,,,,,,,,,
2026-09-20T12:47:27.334525+00:00,CLOSED,ZEC,KXZEC15M-26SEP181930-30,zec-updown-15m-1789773300,A,0.75,0.25,1.0,up,up,,,,,,,,,0.0,0.0,,,,,,,,,,,
2026-09-20T12:47:27.515290+00:00,CLOSED,HYPE,KXHYPE15M-26SEP181930-30,hype-updown-15m-1789773300,B,0.751,0.249,1.0,up,up,,,,,,,,,0.0,0.0,,,,,,,,,,,
2026-09-20T12:47:27.720018+00:00,CLOSED,ETH,KXETH15M-26SEP181930-30,eth-updown-15m-1789774200,B,0.521,0.479,1.0,down,down,,,,,,,,,0.0,0.0,,,,,,,,,,,
2026-09-20T12:47:27.935316+00:00,CLOSED,XRP,KXXRP15M-26SEP181930-30,xrp-updown-15m-1789774200,B,0.541,0.459,1.0,down,down,,,,,,,,,0.0,0.0,,,,,,,,,,,
2026-09-20T12:47:28.132022+00:00,CLOSED,DOGE,KXDOGE15M-26SEP181930-30,doge-updown-15m-1789774200,B,0.471,0.529,1.0,down,down,,,,,,,,,0.0,0.0,,,,,,,,,,,
2026-09-20T12:47:28.340224+00:00,CLOSED,BNB,KXBNB15M-26SEP181930-30,bnb-updown-15m-1789774200,B,0.511,0.489,1.0,down,down,,,,,,,,,0.0,0.0,,,,,,,,,,,
2026-09-20T12:47:28.521086+00:00,CLOSED,ZEC,KXZEC15M-26SEP181945-45,zec-updown-15m-1789774200,B,0.72,0.28,1.0,down,down,,,,,,,,,0.0,0.0,,,,,,,,,,,
2026-09-20T12:47:28.755318+00:00,CLOSED,ZEC,KXZEC15M-26SEP182000-00,zec-updown-15m-1789775100,A,0.64,0.36,1.0,down,down,,,,,,,,,0.0,0.0,,,,,,,,,,,
2026-09-20T12:47:28.957618+00:00,CLOSED,ETH,KXETH15M-26SEP182000-00,eth-updown-15m-1789775100,A,0.78,0.22,1.0,down,down,,,,,,,,,0.0,0.0,,,,,,,,,,,
2026-09-20T12:47:29.127415+00:00,CLOSED,XRP,KXXRP15M-26SEP182000-00,xrp-updown-15m-1789775100,A,0.77,0.23,1.0,down,down,,,,,,,,,0.0,0.0,,,,,,,,,,,
2026-09-20T12:47:29.311896+00:00,CLOSED,BNB,KXBNB15M-26SEP182015-15,bnb-updown-15m-1789776000,B,0.79,0.21,1.0,up,up,,,,,,,,,0.0,0.0,,,,,,,,,,,
2026-09-20T12:47:29.519070+00:00,CLOSED,ZEC,KXZEC15M-26SEP182015-15,zec-updown-15m-1789776000,A,0.78,0.22,1.0,down,down,,,,,,,,,0.0,0.0,,,,,,,,,,,
2026-09-20T12:47:29.704992+00:00,CLOSED,SOL,KXSOL15M-26SEP182015-15,sol-updown-15m-1789776000,B,0.74,0.26,1.0,up,up,,,,,,,,,0.0,0.0,,,,,,,,,,,
2026-09-20T12:47:29.891579+00:00,CLOSED,ZEC,KXZEC15M-26SEP182045-45,zec-updown-15m-1789777800,B,0.72,0.28,1.0,down,down,,,,,,,,,0.0,0.0,,,,,,,,,,,
2026-09-20T12:47:30.060127+00:00,CLOSED,SOL,KXSOL15M-26SEP182100-00,sol-updown-15m-1789778700,A,0.79,0.21,1.0,up,up,,,,,,,,,0.0,0.0,,,,,,,,,,,
2026-09-20T12:47:30.248965+00:00,CLOSED,HYPE,KXHYPE15M-26SEP182115-15,hype-updown-15m-1789779600,B,0.69,0.31,1.0,up,up,,,,,,,,,0.0,0.0,,,,,,,,,,,
2026-09-20T12:47:30.419747+00:00,CLOSED,ZEC,KXZEC15M-26SEP182115-15,zec-updown-15m-1789779600,B,0.71,0.29,1.0,down,down,,,,,,,,,0.0,0.0,,,,,,,,,,,
2026-09-20T12:47:30.611862+00:00,CLOSED,ZEC,KXZEC15M-26SEP182130-30,zec-updown-15m-1789780500,B,0.75,0.25,1.0,up,up,,,,,,,,,0.0,0.0,,,,,,,,,,,
2026-09-20T12:47:30.788446+00:00,CLOSED,SOL,KXSOL15M-26SEP182130-30,sol-updown-15m-1789780500,A,0.72,0.28,1.0,down,down,,,,,,,,,0.0,0.0,,,,,,,,,,,
2026-09-20T12:47:30.979320+00:00,CLOSED,XRP,KXXRP15M-26SEP182145-45,xrp-updown-15m-1789781400,B,0.65,0.35,1.0,up,up,,,,,,,,,0.0,0.0,,,,,,,,,,,
2026-09-20T12:47:31.167199+00:00,CLOSED,DOGE,KXDOGE15M-26SEP182145-45,doge-updown-15m-1789781400,B,0.585,0.415,1.0,down,down,,,,,,,,,0.0,0.0,,,,,,,,,,,
2026-09-20T12:47:31.266920+00:00,CLOSED,ETH,KXETH15M-26SEP182130-30,eth-updown-15m-1789781400,B,0.451,0.549,1.0,down,down,,,,,,,,,0.0,0.0,,,,,,,,,,,
2026-09-20T12:47:31.455860+00:00,CLOSED,HYPE,KXHYPE15M-26SEP182130-30,hype-updown-15m-1789781400,B,0.421,-0.421,0.0,down,up,,,,,,,,,0.0,0.0,,,,,,,,,,,
2026-09-20T12:47:31.516825+00:00,CLOSED,HYPE,KXHYPE15M-26SEP182145-45,hype-updown-15m-1789781400,B,0.69,0.31,1.0,up,up,,,,,,,,,0.0,0.0,,,,,,,,,,,
2026-09-20T12:47:31.695356+00:00,CLOSED,SOL,KXSOL15M-26SEP182145-45,sol-updown-15m-1789781400,B,0.33,0.67,1.0,up,up,,,,,,,,,0.0,0.0,,,,,,,,,,,
2026-09-20T12:47:31.894998+00:00,CLOSED,ZEC,KXZEC15M-26SEP182200-00,zec-updown-15m-1789782300,A,0.68,0.32,1.0,down,down,,,,,,,,,0.0,0.0,,,,,,,,,,,
2026-09-20T12:47:32.079809+00:00,CLOSED,ETH,KXETH15M-26SEP182200-00,eth-updown-15m-1789782300,A,0.785,0.215,1.0,up,up,,,,,,,,,0.0,0.0,,,,,,,,,,,
2026-09-20T12:47:32.259580+00:00,CLOSED,XRP,KXXRP15M-26SEP182200-00,xrp-updown-15m-1789783200,A,0.601,0.399,1.0,up,up,,,,,,,,,0.0,0.0,,,,,,,,,,,
2026-09-20T12:47:32.454521+00:00,CLOSED,ZEC,KXZEC15M-26SEP182215-15,zec-updown-15m-1789783200,B,0.79,0.21,1.0,up,up,,,,,,,,,0.0,0.0,,,,,,,,,,,
2026-09-20T12:47:32.652887+00:00,CLOSED,SOL,KXSOL15M-26SEP182200-00,sol-updown-15m-1789783200,A,0.492,0.508,1.0,up,up,,,,,,,,,0.0,0.0,,,,,,,,,,,
2026-09-20T12:47:32.886819+00:00,CLOSED,HYPE,KXHYPE15M-26SEP182200-00,hype-updown-15m-1789783200,A,0.511,0.489,1.0,up,up,,,,,,,,,0.0,0.0,,,,,,,,,,,
2026-09-20T12:47:32.981455+00:00,CLOSED,BTC,KXBTC15M-26SEP182215-15,btc-updown-15m-1789783200,B,0.45,0.55,1.0,up,up,,,,,,,,,0.0,0.0,,,,,,,,,,,
2026-09-20T12:47:33.193054+00:00,CLOSED,ZEC,KXZEC15M-26SEP182230-30,zec-updown-15m-1789784100,B,0.7,0.3,1.0,down,down,,,,,,,,,0.0,0.0,,,,,,,,,,,
2026-09-20T12:47:33.411795+00:00,CLOSED,BNB,KXBNB15M-26SEP182230-30,bnb-updown-15m-1789784100,B,0.76,0.24,1.0,down,down,,,,,,,,,0.0,0.0,,,,,,,,,,,
2026-09-20T12:47:33.617598+00:00,CLOSED,SOL,KXSOL15M-26SEP182230-30,sol-updown-15m-1789785000,B,0.551,-0.551,0.0,down,up,,,,,,,,,0.0,0.0,,,,,,,,,,,
2026-09-20T12:47:33.820408+00:00,CLOSED,ZEC,KXZEC15M-26SEP182245-45,zec-updown-15m-1789785000,A,0.41,0.59,1.0,down,down,,,,,,,,,0.0,0.0,,,,,,,,,,,
2026-09-20T12:47:33.901706+00:00,CLOSED,BTC,KXBTC15M-26SEP182245-45,btc-updown-15m-1789785000,A,0.74,0.26,1.0,down,down,,,,,,,,,0.0,0.0,,,,,,,,,,,
2026-09-20T12:47:34.088495+00:00,CLOSED,ZEC,KXZEC15M-26SEP182300-00,zec-updown-15m-1789785900,B,0.64,0.36,1.0,down,down,,,,,,,,,0.0,0.0,,,,,,,,,,,
2026-09-20T12:47:34.170754+00:00,CLOSED,ETH,KXETH15M-26SEP182300-00,eth-updown-15m-1789785900,B,0.75,0.25,1.0,up,up,,,,,,,,,0.0,0.0,,,,,,,,,,,
2026-09-20T12:47:34.361465+00:00,CLOSED,ZEC,KXZEC15M-26SEP182315-15,zec-updown-15m-1789786800,A,0.78,0.22,1.0,up,up,,,,,,,,,0.0,0.0,,,,,,,,,,,
2026-09-20T12:47:34.548821+00:00,CLOSED,ZEC,KXZEC15M-26SEP182330-30,zec-updown-15m-1789787700,A,0.65,0.35,1.0,down,down,,,,,,,,,0.0,0.0,,,,,,,,,,,
2026-09-20T12:47:34.715991+00:00,CLOSED,ETH,KXETH15M-26SEP182330-30,eth-updown-15m-1789788600,B,0.591,-0.591,0.0,down,up,,,,,,,,,0.0,0.0,,,,,,,,,,,
2026-09-20T12:47:34.776144+00:00,CLOSED,ETH,KXETH15M-26SEP182345-45,eth-updown-15m-1789788600,B,0.67,0.33,1.0,up,up,,,,,,,,,0.0,0.0,,,,,,,,,,,
2026-09-20T12:47:34.876068+00:00,CLOSED,SOL,KXSOL15M-26SEP182330-30,sol-updown-15m-1789788600,B,0.571,-0.571,0.0,down,up,,,,,,,,,0.0,0.0,,,,,,,,,,,
2026-09-20T12:47:35.092969+00:00,CLOSED,ZEC,KXZEC15M-26SEP182345-45,zec-updown-15m-1789788600,A,0.28,0.72,1.0,up,up,,,,,,,,,0.0,0.0,,,,,,,,,,,
2026-09-20T12:47:35.193160+00:00,CLOSED,BTC,KXBTC15M-26SEP182330-30,btc-updown-15m-1789788600,B,0.521,-0.521,0.0,down,up,,,,,,,,,0.0,0.0,,,,,,,,,,,
2026-09-20T12:47:35.379803+00:00,CLOSED,ZEC,KXZEC15M-26SEP190000-00,zec-updown-15m-1789789500,B,0.79,0.21,1.0,down,down,,,,,,,,,0.0,0.0,,,,,,,,,,,
2026-09-20T12:47:35.590372+00:00,CLOSED,ETH,KXETH15M-26SEP190000-00,eth-updown-15m-1789790400,B,0.501,-0.501,0.0,down,up,,,,,,,,,0.0,0.0,,,,,,,,,,,
2026-09-20T12:47:35.788061+00:00,CLOSED,BNB,KXBNB15M-26SEP190000-00,bnb-updown-15m-1789790400,B,0.441,-0.441,0.0,down,up,,,,,,,,,0.0,0.0,,,,,,,,,,,
2026-09-20T12:47:35.976687+00:00,CLOSED,HYPE,KXHYPE15M-26SEP190000-00,hype-updown-15m-1789790400,B,0.421,-0.421,0.0,down,up,,,,,,,,,0.0,0.0,,,,,,,,,,,
2026-09-20T12:47:36.170017+00:00,CLOSED,SOL,KXSOL15M-26SEP190000-00,sol-updown-15m-1789790400,B,0.441,-0.441,0.0,down,up,,,,,,,,,0.0,0.0,,,,,,,,,,,
2026-09-20T12:47:36.366674+00:00,CLOSED,ZEC,KXZEC15M-26SEP190015-15,zec-updown-15m-1789790400,A,0.74,0.26,1.0,up,up,,,,,,,,,0.0,0.0,,,,,,,,,,,
2026-09-20T12:47:36.558603+00:00,CLOSED,BNB,KXBNB15M-26SEP190030-30,bnb-updown-15m-1789791300,B,0.74,0.26,1.0,up,up,,,,,,,,,0.0,0.0,,,,,,,,,,,
2026-09-20T12:47:36.738633+00:00,CLOSED,ZEC,KXZEC15M-26SEP190030-30,zec-updown-15m-1789791300,A,0.28,0.72,1.0,up,up,,,,,,,,,0.0,0.0,,,,,,,,,,,
2026-09-20T12:47:37.073461+00:00,CLOSED,BNB,KXBNB15M-26SEP190100-00,bnb-updown-15m-1789794000,B,0.461,-0.461,0.0,down,up,,,,,,,,,0.0,0.0,,,,,,,,,,,
2026-09-20T12:47:37.252329+00:00,CLOSED,XRP,KXXRP15M-26SEP190100-00,xrp-updown-15m-1789794000,A,0.451,0.549,1.0,up,up,,,,,,,,,0.0,0.0,,,,,,,,,,,
2026-09-20T12:47:37.446626+00:00,CLOSED,ZEC,KXZEC15M-26SEP190115-15,zec-updown-15m-1789794000,A,0.75,0.25,1.0,down,down,,,,,,,,,0.0,0.0,,,,,,,,,,,
2026-09-20T12:47:37.538571+00:00,CLOSED,BTC,KXBTC15M-26SEP190100-00,btc-updown-15m-1789794000,A,0.501,0.499,1.0,up,up,,,,,,,,,0.0,0.0,,,,,,,,,,,
2026-09-20T12:47:37.714065+00:00,CLOSED,ZEC,KXZEC15M-26SEP190130-30,zec-updown-15m-1789794900,B,0.78,0.22,1.0,up,up,,,,,,,,,0.0,0.0,,,,,,,,,,,
2026-09-20T12:47:37.899069+00:00,CLOSED,SOL,KXSOL15M-26SEP190130-30,sol-updown-15m-1789795800,A,0.391,-0.391,0.0,up,down,,,,,,,,,0.0,0.0,,,,,,,,,,,
2026-09-20T12:47:38.096378+00:00,CLOSED,ZEC,KXZEC15M-26SEP190145-45,zec-updown-15m-1789795800,A,0.77,0.23,1.0,up,up,,,,,,,,,0.0,0.0,,,,,,,,,,,
2026-09-20T12:47:38.161248+00:00,CLOSED,SOL,KXSOL15M-26SEP190145-45,sol-updown-15m-1789795800,A,0.79,0.21,1.0,down,down,,,,,,,,,0.0,0.0,,,,,,,,,,,
2026-09-20T12:47:38.359745+00:00,CLOSED,DOGE,KXDOGE15M-26SEP190130-30,doge-updown-15m-1789795800,A,0.401,-0.401,0.0,up,down,,,,,,,,,0.0,0.0,,,,,,,,,,,
2026-09-20T12:47:38.535911+00:00,CLOSED,ETH,KXETH15M-26SEP190145-45,eth-updown-15m-1789795800,A,0.78,0.22,1.0,down,down,,,,,,,,,0.0,0.0,,,,,,,,,,,
2026-09-20T12:47:38.607476+00:00,CLOSED,DOGE,KXDOGE15M-26SEP190145-45,doge-updown-15m-1789795800,A,0.75,0.25,1.0,down,down,,,,,,,,,0.0,0.0,,,,,,,,,,,
2026-09-20T12:47:38.796375+00:00,CLOSED,BTC,KXBTC15M-26SEP190145-45,btc-updown-15m-1789795800,A,0.76,0.24,1.0,down,down,,,,,,,,,0.0,0.0,,,,,,,,,,,
2026-09-20T12:47:38.997488+00:00,CLOSED,BNB,KXBNB15M-26SEP190145-45,bnb-updown-15m-1789795800,A,0.23,0.77,1.0,down,down,,,,,,,,,0.0,0.0,,,,,,,,,,,
2026-09-20T12:47:39.101307+00:00,CLOSED,ETH,KXETH15M-26SEP190200-00,eth-updown-15m-1789796700,B,0.77,0.23,1.0,up,up,,,,,,,,,0.0,0.0,,,,,,,,,,,
2026-09-20T12:47:39.284315+00:00,CLOSED,SOL,KXSOL15M-26SEP190200-00,sol-updown-15m-1789796700,A,0.72,0.28,1.0,down,down,,,,,,,,,0.0,0.0,,,,,,,,,,,
2026-09-20T12:47:39.480485+00:00,CLOSED,ZEC,KXZEC15M-26SEP190200-00,zec-updown-15m-1789796700,A,0.796,0.204,1.0,up,up,,,,,,,,,0.0,0.0,,,,,,,,,,,
2026-09-20T12:47:39.654161+00:00,CLOSED,XRP,KXXRP15M-26SEP190200-00,xrp-updown-15m-1789797600,B,0.541,0.459,1.0,down,down,,,,,,,,,0.0,0.0,,,,,,,,,,,
2026-09-20T12:47:39.710047+00:00,CLOSED,XRP,KXXRP15M-26SEP190215-15,xrp-updown-15m-1789797600,B,0.76,0.24,1.0,down,down,,,,,,,,,0.0,0.0,,,,,,,,,,,
2026-09-20T12:47:39.904671+00:00,CLOSED,HYPE,KXHYPE15M-26SEP190215-15,hype-updown-15m-1789797600,B,0.79,0.21,1.0,up,up,,,,,,,,,0.0,0.0,,,,,,,,,,,
2026-09-20T12:47:40.103693+00:00,CLOSED,BNB,KXBNB15M-26SEP190215-15,bnb-updown-15m-1789797600,B,0.77,0.23,1.0,down,down,,,,,,,,,0.0,0.0,,,,,,,,,,,
2026-09-20T12:47:40.293188+00:00,CLOSED,ZEC,KXZEC15M-26SEP190215-15,zec-updown-15m-1789797600,A,0.71,0.29,1.0,up,up,,,,,,,,,0.0,0.0,,,,,,,,,,,
2026-09-20T12:47:40.476638+00:00,CLOSED,ZEC,KXZEC15M-26SEP190230-30,zec-updown-15m-1789798500,A,0.65,0.35,1.0,down,down,,,,,,,,,0.0,0.0,,,,,,,,,,,
2026-09-20T12:47:40.663705+00:00,CLOSED,HYPE,KXHYPE15M-26SEP190230-30,hype-updown-15m-1789798500,B,0.65,0.35,1.0,up,up,,,,,,,,,0.0,0.0,,,,,,,,,,,
2026-09-20T12:47:40.858701+00:00,CLOSED,DOGE,KXDOGE15M-26SEP190230-30,doge-updown-15m-1789799400,B,0.381,-0.381,0.0,down,up,,,,,,,,,0.0,0.0,,,,,,,,,,,
2026-09-20T12:47:41.038630+00:00,CLOSED,ZEC,KXZEC15M-26SEP190245-45,zec-updown-15m-1789799400,B,0.77,0.23,1.0,up,up,,,,,,,,,0.0,0.0,,,,,,,,,,,
2026-09-20T12:47:41.242833+00:00,CLOSED,ZEC,KXZEC15M-26SEP190300-00,zec-updown-15m-1789800300,A,0.56,0.44,1.0,up,up,,,,,,,,,0.0,0.0,,,,,,,,,,,
2026-09-20T12:47:41.416455+00:00,CLOSED,SOL,KXSOL15M-26SEP190300-00,sol-updown-15m-1789801200,A,0.528,0.472,1.0,up,up,,,,,,,,,0.0,0.0,,,,,,,,,,,
2026-09-20T12:47:41.619460+00:00,CLOSED,ZEC,KXZEC15M-26SEP190315-15,zec-updown-15m-1789801200,A,0.049,0.951,1.0,up,up,,,,,,,,,0.0,0.0,,,,,,,,,,,
2026-09-20T12:47:41.823499+00:00,CLOSED,ZEC,KXZEC15M-26SEP190330-30,zec-updown-15m-1789802100,B,0.78,0.22,1.0,down,down,,,,,,,,,0.0,0.0,,,,,,,,,,,
2026-09-20T12:47:41.898240+00:00,CLOSED,BTC,KXBTC15M-26SEP190330-30,btc-updown-15m-1789803000,B,0.351,0.649,1.0,down,down,,,,,,,,,0.0,0.0,,,,,,,,,,,
2026-09-20T12:47:42.086140+00:00,CLOSED,ETH,KXETH15M-26SEP190330-30,eth-updown-15m-1789803000,B,0.361,0.639,1.0,down,down,,,,,,,,,0.0,0.0,,,,,,,,,,,
2026-09-20T12:47:42.301029+00:00,CLOSED,HYPE,KXHYPE15M-26SEP190345-45,hype-updown-15m-1789803000,A,0.73,0.27,1.0,up,up,,,,,,,,,0.0,0.0,,,,,,,,,,,
2026-09-20T12:47:42.392895+00:00,CLOSED,XRP,KXXRP15M-26SEP190400-00,xrp-updown-15m-1789803900,A,0.69,0.31,1.0,down,down,,,,,,,,,0.0,0.0,,,,,,,,,,,
2026-09-20T12:47:42.585611+00:00,CLOSED,ZEC,KXZEC15M-26SEP190400-00,zec-updown-15m-1789803900,A,0.027,0.973,1.0,up,up,,,,,,,,,0.0,0.0,,,,,,,,,,,
2026-09-20T12:47:42.772181+00:00,CLOSED,HYPE,KXHYPE15M-26SEP190400-00,hype-updown-15m-1789803900,A,0.79,0.21,1.0,down,down,,,,,,,,,0.0,0.0,,,,,,,,,,,
2026-09-20T12:47:42.954314+00:00,CLOSED,ZEC,KXZEC15M-26SEP190415-15,zec-updown-15m-1789804800,A,0.72,0.28,1.0,down,down,,,,,,,,,0.0,0.0,,,,,,,,,,,
2026-09-20T12:47:43.131013+00:00,CLOSED,SOL,KXSOL15M-26SEP190430-30,sol-updown-15m-1789805700,B,0.74,0.26,1.0,up,up,,,,,,,,,0.0,0.0,,,,,,,,,,,
2026-09-20T12:47:43.208235+00:00,CLOSED,XRP,KXXRP15M-26SEP190430-30,xrp-updown-15m-1789805700,B,0.77,0.23,1.0,down,down,,,,,,,,,0.0,0.0,,,,,,,,,,,
2026-09-20T12:47:43.386531+00:00,CLOSED,ZEC,KXZEC15M-26SEP190430-30,zec-updown-15m-1789805700,A,0.7,0.3,1.0,down,down,,,,,,,,,0.0,0.0,,,,,,,,,,,
2026-09-20T12:47:43.480509+00:00,CLOSED,BTC,KXBTC15M-26SEP190430-30,btc-updown-15m-1789806600,A,0.581,0.419,1.0,up,up,,,,,,,,,0.0,0.0,,,,,,,,,,,
2026-09-20T12:47:43.671611+00:00,CLOSED,BNB,KXBNB15M-26SEP190430-30,bnb-updown-15m-1789806600,A,0.501,0.499,1.0,up,up,,,,,,,,,0.0,0.0,,,,,,,,,,,
2026-09-20T12:47:43.883042+00:00,CLOSED,HYPE,KXHYPE15M-26SEP190445-45,hype-updown-15m-1789806600,A,0.78,0.22,1.0,down,down,,,,,,,,,0.0,0.0,,,,,,,,,,,
2026-09-20T12:47:44.066593+00:00,CLOSED,ZEC,KXZEC15M-26SEP190445-45,zec-updown-15m-1789806600,B,0.74,0.26,1.0,down,down,,,,,,,,,0.0,0.0,,,,,,,,,,,
2026-09-20T12:47:44.265043+00:00,CLOSED,ZEC,KXZEC15M-26SEP190500-00,zec-updown-15m-1789807500,A,0.45,0.55,1.0,down,down,,,,,,,,,0.0,0.0,,,,,,,,,,,
2026-09-20T12:47:44.450057+00:00,CLOSED,ETH,KXETH15M-26SEP190500-00,eth-updown-15m-1789807500,A,0.7,0.3,1.0,down,down,,,,,,,,,0.0,0.0,,,,,,,,,,,
2026-09-20T12:47:44.645629+00:00,CLOSED,DOGE,KXDOGE15M-26SEP190515-15,doge-updown-15m-1789808400,B,0.69,0.31,1.0,down,down,,,,,,,,,0.0,0.0,,,,,,,,,,,
2026-09-20T12:47:44.896621+00:00,CLOSED,ZEC,KXZEC15M-26SEP190515-15,zec-updown-15m-1789808400,B,0.75,0.25,1.0,up,up,,,,,,,,,0.0,0.0,,,,,,,,,,,
2026-09-20T12:47:45.086315+00:00,CLOSED,SOL,KXSOL15M-26SEP190515-15,sol-updown-15m-1789808400,A,0.61,-0.61,0.0,up,down,,,,,,,,,0.0,0.0,,,,,,,,,,,
2026-09-20T12:47:45.285089+00:00,CLOSED,ZEC,KXZEC15M-26SEP190530-30,zec-updown-15m-1789809300,B,0.68,0.32,1.0,up,up,,,,,,,,,0.0,0.0,,,,,,,,,,,
2026-09-20T12:47:45.473043+00:00,CLOSED,HYPE,KXHYPE15M-26SEP190530-30,hype-updown-15m-1789809300,B,0.65,1.35,2.0,up,down,,,,,,,,,0.0,0.0,,,,,,,,,,,
2026-09-20T12:47:45.565043+00:00,CLOSED,BTC,KXBTC15M-26SEP190530-30,btc-updown-15m-1789809300,A,0.72,0.28,1.0,down,down,,,,,,,,,0.0,0.0,,,,,,,,,,,
2026-09-20T12:47:45.658452+00:00,CLOSED,ETH,KXETH15M-26SEP190530-30,eth-updown-15m-1789810200,B,0.581,0.419,1.0,down,down,,,,,,,,,0.0,0.0,,,,,,,,,,,
2026-09-20T12:47:45.852729+00:00,CLOSED,SOL,KXSOL15M-26SEP190530-30,sol-updown-15m-1789810200,B,0.501,0.499,1.0,down,down,,,,,,,,,0.0,0.0,,,,,,,,,,,
2026-09-20T12:47:46.086885+00:00,CLOSED,BNB,KXBNB15M-26SEP190530-30,bnb-updown-15m-1789810200,B,0.441,-0.441,0.0,down,up,,,,,,,,,0.0,0.0,,,,,,,,,,,
2026-09-20T12:47:46.280953+00:00,CLOSED,ZEC,KXZEC15M-26SEP190545-45,zec-updown-15m-1789810200,A,0.67,0.33,1.0,up,up,,,,,,,,,0.0,0.0,,,,,,,,,,,
2026-09-20T12:47:46.468345+00:00,CLOSED,ZEC,KXZEC15M-26SEP190600-00,zec-updown-15m-1789811100,B,0.34,0.66,1.0,down,down,,,,,,,,,0.0,0.0,,,,,,,,,,,
2026-09-20T12:47:46.563851+00:00,CLOSED,ETH,KXETH15M-26SEP190615-15,eth-updown-15m-1789812000,A,0.68,0.32,1.0,down,down,,,,,,,,,0.0,0.0,,,,,,,,,,,
2026-09-20T12:47:46.654110+00:00,CLOSED,SOL,KXSOL15M-26SEP190600-00,sol-updown-15m-1789812000,A,0.361,0.639,1.0,up,up,,,,,,,,,0.0,0.0,,,,,,,,,,,
2026-09-20T12:47:46.841742+00:00,CLOSED,ZEC,KXZEC15M-26SEP190615-15,zec-updown-15m-1789812000,A,0.23,0.77,1.0,up,up,,,,,,,,,0.0,0.0,,,,,,,,,,,
2026-09-20T12:47:46.917727+00:00,CLOSED,SOL,KXSOL15M-26SEP190615-15,sol-updown-15m-1789812000,A,0.7,0.3,1.0,up,up,,,,,,,,,0.0,0.0,,,,,,,,,,,
2026-09-20T12:47:47.116544+00:00,CLOSED,DOGE,KXDOGE15M-26SEP190600-00,doge-updown-15m-1789812000,A,0.401,0.599,1.0,up,up,,,,,,,,,0.0,0.0,,,,,,,,,,,
2026-09-20T12:47:47.320856+00:00,CLOSED,BNB,KXBNB15M-26SEP190600-00,bnb-updown-15m-1789812000,A,0.411,0.589,1.0,up,up,,,,,,,,,0.0,0.0,,,,,,,,,,,
2026-09-20T12:47:47.516456+00:00,CLOSED,HYPE,KXHYPE15M-26SEP190600-00,hype-updown-15m-1789812000,B,0.581,-0.581,0.0,down,up,,,,,,,,,0.0,0.0,,,,,,,,,,,
2026-09-20T12:47:47.583956+00:00,CLOSED,HYPE,KXHYPE15M-26SEP190615-15,hype-updown-15m-1789812000,A,0.44,0.56,1.0,up,up,,,,,,,,,0.0,0.0,,,,,,,,,,,
2026-09-20T12:47:47.785787+00:00,CLOSED,ZEC,KXZEC15M-26SEP190630-30,zec-updown-15m-1789812900,A,0.24,0.76,1.0,up,up,,,,,,,,,0.0,0.0,,,,,,,,,,,
2026-09-20T12:47:47.997942+00:00,CLOSED,SOL,KXSOL15M-26SEP190630-30,sol-updown-15m-1789812900,B,0.76,0.24,1.0,up,up,,,,,,,,,0.0,0.0,,,,,,,,,,,
2026-09-20T12:47:48.177656+00:00,CLOSED,DOGE,KXDOGE15M-26SEP190630-30,doge-updown-15m-1789813800,A,0.641,0.359,1.0,up,up,,,,,,,,,0.0,0.0,,,,,,,,,,,
2026-09-20T12:47:48.362785+00:00,CLOSED,BNB,KXBNB15M-26SEP190630-30,bnb-updown-15m-1789813800,B,0.441,0.559,1.0,down,down,,,,,,,,,0.0,0.0,,,,,,,,,,,
2026-09-20T12:47:48.565633+00:00,CLOSED,ZEC,KXZEC15M-26SEP190645-45,zec-updown-15m-1789813800,B,0.78,0.22,1.0,down,down,,,,,,,,,0.0,0.0,,,,,,,,,,,
2026-09-20T12:47:48.673880+00:00,CLOSED,ETH,KXETH15M-26SEP190700-00,eth-updown-15m-1789815600,B,0.471,0.529,1.0,down,down,,,,,,,,,0.0,0.0,,,,,,,,,,,
2026-09-20T12:47:48.843645+00:00,CLOSED,SOL,KXSOL15M-26SEP190715-15,sol-updown-15m-1789815600,B,0.74,0.26,1.0,up,up,,,,,,,,,0.0,0.0,,,,,,,,,,,
2026-09-20T12:47:49.038489+00:00,CLOSED,DOGE,KXDOGE15M-26SEP190715-15,doge-updown-15m-1789815600,B,0.79,0.21,1.0,up,up,,,,,,,,,0.0,0.0,,,,,,,,,,,
2026-09-20T12:47:49.232988+00:00,CLOSED,ZEC,KXZEC15M-26SEP190715-15,zec-updown-15m-1789815600,B,0.61,0.39,1.0,up,up,,,,,,,,,0.0,0.0,,,,,,,,,,,
2026-09-20T12:47:49.433884+00:00,CLOSED,ZEC,KXZEC15M-26SEP190730-30,zec-updown-15m-1789816500,B,0.69,0.31,1.0,up,up,,,,,,,,,0.0,0.0,,,,,,,,,,,
2026-09-20T12:47:49.623862+00:00,CLOSED,DOGE,KXDOGE15M-26SEP190730-30,doge-updown-15m-1789817400,A,0.411,0.589,1.0,up,up,,,,,,,,,0.0,0.0,,,,,,,,,,,
2026-09-20T12:47:49.814693+00:00,CLOSED,BNB,KXBNB15M-26SEP190730-30,bnb-updown-15m-1789817400,A,0.541,0.459,1.0,up,up,,,,,,,,,0.0,0.0,,,,,,,,,,,
2026-09-20T12:47:49.875503+00:00,CLOSED,BNB,KXBNB15M-26SEP190745-45,bnb-updown-15m-1789817400,B,0.77,0.23,1.0,up,up,,,,,,,,,0.0,0.0,,,,,,,,,,,
2026-09-20T12:47:50.044784+00:00,CLOSED,SOL,KXSOL15M-26SEP190745-45,sol-updown-15m-1789817400,A,0.72,0.28,1.0,down,down,,,,,,,,,0.0,0.0,,,,,,,,,,,
2026-09-20T12:47:50.215877+00:00,CLOSED,XRP,KXXRP15M-26SEP190730-30,xrp-updown-15m-1789817400,A,0.461,0.539,1.0,up,up,,,,,,,,,0.0,0.0,,,,,,,,,,,
2026-09-20T12:47:50.413144+00:00,CLOSED,ZEC,KXZEC15M-26SEP190745-45,zec-updown-15m-1789817400,A,0.796,0.204,1.0,up,up,,,,,,,,,0.0,0.0,,,,,,,,,,,
2026-09-20T12:47:50.600101+00:00,CLOSED,ZEC,KXZEC15M-26SEP190800-00,zec-updown-15m-1789818300,B,0.67,0.33,1.0,down,down,,,,,,,,,0.0,0.0,,,,,,,,,,,
2026-09-20T12:47:50.812111+00:00,CLOSED,DOGE,KXDOGE15M-26SEP190800-00,doge-updown-15m-1789819200,A,0.401,-0.401,0.0,up,down,,,,,,,,,0.0,0.0,,,,,,,,,,,
2026-09-20T12:47:50.875015+00:00,CLOSED,DOGE,KXDOGE15M-26SEP190815-15,doge-updown-15m-1789819200,B,0.54,0.46,1.0,down,down,,,,,,,,,0.0,0.0,,,,,,,,,,,
2026-09-20T12:47:51.044766+00:00,CLOSED,SOL,KXSOL15M-26SEP190800-00,sol-updown-15m-1789819200,B,0.609,0.391,1.0,down,down,,,,,,,,,0.0,0.0,,,,,,,,,,,
2026-09-20T12:47:51.245939+00:00,CLOSED,BNB,KXBNB15M-26SEP190800-00,bnb-updown-15m-1789819200,A,0.481,-0.481,0.0,up,down,,,,,,,,,0.0,0.0,,,,,,,,,,,
2026-09-20T12:47:51.321391+00:00,CLOSED,ETH,KXETH15M-26SEP190815-15,eth-updown-15m-1789819200,B,0.79,0.21,1.0,up,up,,,,,,,,,0.0,0.0,,,,,,,,,,,
2026-09-20T12:47:51.382463+00:00,CLOSED,SOL,KXSOL15M-26SEP190815-15,sol-updown-15m-1789819200,B,0.73,0.27,1.0,down,down,,,,,,,,,0.0,0.0,,,,,,,,,,,
2026-09-20T12:47:51.571798+00:00,CLOSED,ZEC,KXZEC15M-26SEP190815-15,zec-updown-15m-1789819200,A,0.25,0.75,1.0,up,up,,,,,,,,,0.0,0.0,,,,,,,,,,,
2026-09-20T12:47:51.754666+00:00,CLOSED,XRP,KXXRP15M-26SEP190830-30,xrp-updown-15m-1789820100,A,0.73,0.27,1.0,down,down,,,,,,,,,0.0,0.0,,,,,,,,,,,
2026-09-20T12:47:51.853725+00:00,CLOSED,BTC,KXBTC15M-26SEP190830-30,btc-updown-15m-1789820100,A,0.79,0.21,1.0,down,down,,,,,,,,,0.0,0.0,,,,,,,,,,,
2026-09-20T12:47:52.050642+00:00,CLOSED,ZEC,KXZEC15M-26SEP190830-30,zec-updown-15m-1789820100,B,0.792,0.208,1.0,down,down,,,,,,,,,0.0,0.0,,,,,,,,,,,
2026-09-20T12:47:52.240980+00:00,CLOSED,DOGE,KXDOGE15M-26SEP190830-30,doge-updown-15m-1789820100,B,0.77,0.23,1.0,down,down,,,,,,,,,0.0,0.0,,,,,,,,,,,
2026-09-20T12:47:52.342200+00:00,CLOSED,ETH,KXETH15M-26SEP190830-30,eth-updown-15m-1789820100,A,0.75,0.25,1.0,down,down,,,,,,,,,0.0,0.0,,,,,,,,,,,
2026-09-20T12:47:52.560228+00:00,CLOSED,SOL,KXSOL15M-26SEP190830-30,sol-updown-15m-1789821000,B,0.441,0.559,1.0,down,down,,,,,,,,,0.0,0.0,,,,,,,,,,,
2026-09-20T12:47:52.759791+00:00,CLOSED,BNB,KXBNB15M-26SEP190845-45,bnb-updown-15m-1789821000,A,0.77,0.23,1.0,down,down,,,,,,,,,0.0,0.0,,,,,,,,,,,
2026-09-20T12:47:52.947288+00:00,CLOSED,ZEC,KXZEC15M-26SEP190845-45,zec-updown-15m-1789821000,A,0.75,0.25,1.0,down,down,,,,,,,,,0.0,0.0,,,,,,,,,,,
2026-09-20T12:47:53.040796+00:00,CLOSED,SOL,KXSOL15M-26SEP190900-00,sol-updown-15m-1789821900,A,0.75,0.25,1.0,up,up,,,,,,,,,0.0,0.0,,,,,,,,,,,
2026-09-20T12:47:53.233861+00:00,CLOSED,DOGE,KXDOGE15M-26SEP190900-00,doge-updown-15m-1789821900,B,0.63,0.37,1.0,up,up,,,,,,,,,0.0,0.0,,,,,,,,,,,
2026-09-20T12:47:53.431487+00:00,CLOSED,ZEC,KXZEC15M-26SEP190900-00,zec-updown-15m-1789821900,A,0.47,-0.47,0.0,up,down,,,,,,,,,0.0,0.0,,,,,,,,,,,
2026-09-20T12:47:53.616768+00:00,CLOSED,XRP,KXXRP15M-26SEP190900-00,xrp-updown-15m-1789822800,A,0.491,0.509,1.0,up,up,,,,,,,,,0.0,0.0,,,,,,,,,,,
2026-09-20T12:47:53.799036+00:00,CLOSED,BNB,KXBNB15M-26SEP190900-00,bnb-updown-15m-1789822800,A,0.551,-0.551,0.0,up,down,,,,,,,,,0.0,0.0,,,,,,,,,,,
2026-09-20T12:47:53.857968+00:00,CLOSED,XRP,KXXRP15M-26SEP190915-15,xrp-updown-15m-1789822800,B,0.65,0.35,1.0,up,up,,,,,,,,,0.0,0.0,,,,,,,,,,,
2026-09-20T12:47:54.061710+00:00,CLOSED,ZEC,KXZEC15M-26SEP190915-15,zec-updown-15m-1789822800,B,0.12,0.88,1.0,down,down,,,,,,,,,0.0,0.0,,,,,,,,,,,
2026-09-20T12:47:54.291294+00:00,CLOSED,HYPE,KXHYPE15M-26SEP190900-00,hype-updown-15m-1789822800,B,0.581,0.419,1.0,down,down,,,,,,,,,0.0,0.0,,,,,,,,,,,
2026-09-20T12:47:54.380876+00:00,CLOSED,ETH,KXETH15M-26SEP190915-15,eth-updown-15m-1789822800,B,0.79,0.21,1.0,down,down,,,,,,,,,0.0,0.0,,,,,,,,,,,
2026-09-20T12:47:54.632344+00:00,CLOSED,HYPE,KXHYPE15M-26SEP190930-30,hype-updown-15m-1789823700,B,0.74,0.26,1.0,up,up,,,,,,,,,0.0,0.0,,,,,,,,,,,
2026-09-20T12:47:54.823676+00:00,CLOSED,ZEC,KXZEC15M-26SEP190930-30,zec-updown-15m-1789823700,B,0.75,0.25,1.0,up,up,,,,,,,,,0.0,0.0,,,,,,,,,,,
2026-09-20T12:47:55.022010+00:00,CLOSED,XRP,KXXRP15M-26SEP190930-30,xrp-updown-15m-1789823700,A,0.79,0.21,1.0,down,down,,,,,,,,,0.0,0.0,,,,,,,,,,,
2026-09-20T12:47:55.221065+00:00,CLOSED,ETH,KXETH15M-26SEP190930-30,eth-updown-15m-1789824600,B,0.651,-0.651,0.0,down,up,,,,,,,,,0.0,0.0,,,,,,,,,,,
2026-09-20T12:47:55.409874+00:00,CLOSED,ZEC,KXZEC15M-26SEP190945-45,zec-updown-15m-1789824600,B,0.78,0.22,1.0,down,down,,,,,,,,,0.0,0.0,,,,,,,,,,,
2026-09-20T12:47:55.624471+00:00,CLOSED,BNB,KXBNB15M-26SEP190930-30,bnb-updown-15m-1789824600,A,0.351,-0.351,0.0,up,down,,,,,,,,,0.0,0.0,,,,,,,,,,,
2026-09-20T12:47:55.837170+00:00,CLOSED,DOGE,KXDOGE15M-26SEP190945-45,doge-updown-15m-1789824600,B,0.59,0.41,1.0,up,up,,,,,,,,,0.0,0.0,,,,,,,,,,,
2026-09-20T12:47:56.042918+00:00,CLOSED,ZEC,KXZEC15M-26SEP191000-00,zec-updown-15m-1789825500,A,0.78,0.22,1.0,up,up,,,,,,,,,0.0,0.0,,,,,,,,,,,
2026-09-20T12:47:56.114727+00:00,CLOSED,BTC,KXBTC15M-26SEP191000-00,btc-updown-15m-1789825500,B,0.79,0.21,1.0,up,up,,,,,,,,,0.0,0.0,,,,,,,,,,,
2026-09-20T12:47:56.282389+00:00,CLOSED,ETH,KXETH15M-26SEP191000-00,eth-updown-15m-1789825500,B,0.77,0.23,1.0,up,up,,,,,,,,,0.0,0.0,,,,,,,,,,,
2026-09-20T12:47:56.485686+00:00,CLOSED,DOGE,KXDOGE15M-26SEP191000-00,doge-updown-15m-1789825500,B,0.79,0.21,1.0,up,up,,,,,,,,,0.0,0.0,,,,,,,,,,,
2026-09-20T12:47:56.682653+00:00,CLOSED,ETH,KXETH15M-26SEP191015-15,eth-updown-15m-1789826400,A,0.76,0.24,1.0,down,down,,,,,,,,,0.0,0.0,,,,,,,,,,,
2026-09-20T12:47:56.860728+00:00,CLOSED,SOL,KXSOL15M-26SEP191015-15,sol-updown-15m-1789826400,A,0.78,0.22,1.0,down,down,,,,,,,,,0.0,0.0,,,,,,,,,,,
2026-09-20T12:47:57.058491+00:00,CLOSED,DOGE,KXDOGE15M-26SEP191015-15,doge-updown-15m-1789826400,B,0.64,0.36,1.0,up,up,,,,,,,,,0.0,0.0,,,,,,,,,,,
2026-09-20T12:47:57.287408+00:00,CLOSED,HYPE,KXHYPE15M-26SEP191000-00,hype-updown-15m-1789826400,A,0.431,-0.431,0.0,up,down,,,,,,,,,0.0,0.0,,,,,,,,,,,
2026-09-20T12:47:57.497979+00:00,CLOSED,ZEC,KXZEC15M-26SEP191015-15,zec-updown-15m-1789826400,B,0.72,0.28,1.0,down,down,,,,,,,,,0.0,0.0,,,,,,,,,,,
2026-09-20T12:47:57.703059+00:00,CLOSED,ZEC,KXZEC15M-26SEP191030-30,zec-updown-15m-1789827300,B,0.79,0.21,1.0,up,up,,,,,,,,,0.0,0.0,,,,,,,,,,,
2026-09-20T12:47:57.899322+00:00,CLOSED,DOGE,KXDOGE15M-26SEP191030-30,doge-updown-15m-1789828200,A,0.441,-0.441,0.0,up,down,,,,,,,,,0.0,0.0,,,,,,,,,,,
2026-09-20T12:47:57.978165+00:00,CLOSED,BTC,KXBTC15M-26SEP191045-45,btc-updown-15m-1789828200,A,0.6,0.4,1.0,down,down,,,,,,,,,0.0,0.0,,,,,,,,,,,
2026-09-20T12:47:58.160075+00:00,CLOSED,ZEC,KXZEC15M-26SEP191045-45,zec-updown-15m-1789828200,B,0.027,0.973,1.0,down,down,,,,,,,,,0.0,0.0,,,,,,,,,,,
2026-09-20T12:47:58.352403+00:00,CLOSED,ZEC,KXZEC15M-26SEP191100-00,zec-updown-15m-1789829100,A,0.7,0.3,1.0,down,down,,,,,,,,,0.0,0.0,,,,,,,,,,,
2026-09-20T12:47:58.454700+00:00,CLOSED,BTC,KXBTC15M-26SEP191100-00,btc-updown-15m-1789829100,B,0.76,0.24,1.0,up,up,,,,,,,,,0.0,0.0,,,,,,,,,,,
2026-09-20T12:47:58.645580+00:00,CLOSED,BNB,KXBNB15M-26SEP191100-00,bnb-updown-15m-1789829100,A,0.44,0.56,1.0,down,down,,,,,,,,,0.0,0.0,,,,,,,,,,,
2026-09-20T12:47:58.847018+00:00,CLOSED,HYPE,KXHYPE15M-26SEP191100-00,hype-updown-15m-1789829100,A,0.76,0.24,1.0,down,down,,,,,,,,,0.0,0.0,,,,,,,,,,,
2026-09-20T12:47:59.133421+00:00,CLOSED,DOGE,KXDOGE15M-26SEP191100-00,doge-updown-15m-1789830000,B,0.531,0.469,1.0,down,down,,,,,,,,,0.0,0.0,,,,,,,,,,,
2026-09-20T12:47:59.330310+00:00,CLOSED,BNB,KXBNB15M-26SEP191115-15,bnb-updown-15m-1789830000,A,0.67,0.33,1.0,down,down,,,,,,,,,0.0,0.0,,,,,,,,,,,
2026-09-20T12:47:59.525802+00:00,CLOSED,ZEC,KXZEC15M-26SEP191115-15,zec-updown-15m-1789830000,A,0.65,0.35,1.0,down,down,,,,,,,,,0.0,0.0,,,,,,,,,,,
2026-09-20T12:47:59.719514+00:00,CLOSED,ZEC,KXZEC15M-26SEP191130-30,zec-updown-15m-1789830900,B,0.72,0.28,1.0,down,down,,,,,,,,,0.0,0.0,,,,,,,,,,,
2026-09-20T12:47:59.920716+00:00,CLOSED,ZEC,KXZEC15M-26SEP191145-45,zec-updown-15m-1789831800,B,0.78,0.22,1.0,up,up,,,,,,,,,0.0,0.0,,,,,,,,,,,
2026-09-20T12:47:59.996068+00:00,CLOSED,ETH,KXETH15M-26SEP191130-30,eth-updown-15m-1789831800,B,0.471,-0.471,0.0,down,up,,,,,,,,,0.0,0.0,,,,,,,,,,,
2026-09-20T12:48:00.179959+00:00,CLOSED,XRP,KXXRP15M-26SEP191130-30,xrp-updown-15m-1789831800,B,0.551,-0.551,0.0,down,up,,,,,,,,,0.0,0.0,,,,,,,,,,,
2026-09-20T12:48:00.374980+00:00,CLOSED,ZEC,KXZEC15M-26SEP191200-00,zec-updown-15m-1789832700,B,0.799,0.201,1.0,down,down,,,,,,,,,0.0,0.0,,,,,,,,,,,
2026-09-20T12:48:00.554712+00:00,CLOSED,XRP,KXXRP15M-26SEP191215-15,xrp-updown-15m-1789833600,A,0.75,0.25,1.0,up,up,,,,,,,,,0.0,0.0,,,,,,,,,,,
2026-09-20T12:48:00.656588+00:00,CLOSED,SOL,KXSOL15M-26SEP191215-15,sol-updown-15m-1789833600,B,0.74,0.26,1.0,up,up,,,,,,,,,0.0,0.0,,,,,,,,,,,
2026-09-20T12:48:00.847133+00:00,CLOSED,DOGE,KXDOGE15M-26SEP191215-15,doge-updown-15m-1789833600,B,0.7,0.3,1.0,up,up,,,,,,,,,0.0,0.0,,,,,,,,,,,
2026-09-20T12:48:00.923502+00:00,CLOSED,ETH,KXETH15M-26SEP191200-00,eth-updown-15m-1789833600,B,0.481,-0.481,0.0,down,up,,,,,,,,,0.0,0.0,,,,,,,,,,,
2026-09-20T12:48:01.145035+00:00,CLOSED,ZEC,KXZEC15M-26SEP191215-15,zec-updown-15m-1789833600,A,0.77,0.23,1.0,down,down,,,,,,,,,0.0,0.0,,,,,,,,,,,
2026-09-20T12:48:01.337251+00:00,CLOSED,ZEC,KXZEC15M-26SEP191230-30,zec-updown-15m-1789834500,A,0.77,0.23,1.0,down,down,,,,,,,,,0.0,0.0,,,,,,,,,,,
2026-09-20T12:48:01.433565+00:00,CLOSED,XRP,KXXRP15M-26SEP191230-30,xrp-updown-15m-1789834500,B,0.77,0.23,1.0,down,down,,,,,,,,,0.0,0.0,,,,,,,,,,,
2026-09-20T12:48:01.623268+00:00,CLOSED,BNB,KXBNB15M-26SEP191230-30,bnb-updown-15m-1789834500,B,0.73,-0.73,0.0,down,up,,,,,,,,,0.0,0.0,,,,,,,,,,,
2026-09-20T12:48:01.707493+00:00,CLOSED,BTC,KXBTC15M-26SEP191230-30,btc-updown-15m-1789835400,A,0.431,0.569,1.0,up,up,,,,,,,,,0.0,0.0,,,,,,,,,,,
2026-09-20T12:48:01.897370+00:00,CLOSED,ETH,KXETH15M-26SEP191230-30,eth-updown-15m-1789835400,A,0.381,-0.381,0.0,up,down,,,,,,,,,0.0,0.0,,,,,,,,,,,
2026-09-20T12:48:01.971031+00:00,CLOSED,ETH,KXETH15M-26SEP191245-45,eth-updown-15m-1789835400,B,0.79,0.21,1.0,down,down,,,,,,,,,0.0,0.0,,,,,,,,,,,
2026-09-20T12:48:02.184100+00:00,CLOSED,BNB,KXBNB15M-26SEP191245-45,bnb-updown-15m-1789835400,B,0.79,0.21,1.0,down,down,,,,,,,,,0.0,0.0,,,,,,,,,,,
2026-09-20T12:48:02.400344+00:00,CLOSED,SOL,KXSOL15M-26SEP191230-30,sol-updown-15m-1789835400,A,0.421,0.579,1.0,up,up,,,,,,,,,0.0,0.0,,,,,,,,,,,
2026-09-20T12:48:02.617919+00:00,CLOSED,ZEC,KXZEC15M-26SEP191245-45,zec-updown-15m-1789835400,B,0.45,0.55,1.0,down,down,,,,,,,,,0.0,0.0,,,,,,,,,,,
2026-09-20T12:48:02.853989+00:00,CLOSED,XRP,KXXRP15M-26SEP191245-45,xrp-updown-15m-1789835400,B,0.67,0.33,1.0,up,up,,,,,,,,,0.0,0.0,,,,,,,,,,,
2026-09-20T12:48:03.080476+00:00,CLOSED,ZEC,KXZEC15M-26SEP191300-00,zec-updown-15m-1789836300,B,0.69,0.31,1.0,down,down,,,,,,,,,0.0,0.0,,,,,,,,,,,
2026-09-20T12:48:03.271586+00:00,CLOSED,DOGE,KXDOGE15M-26SEP191315-15,doge-updown-15m-1789837200,A,0.7,0.3,1.0,up,up,,,,,,,,,0.0,0.0,,,,,,,,,,,
2026-09-20T12:48:03.461098+00:00,CLOSED,SOL,KXSOL15M-26SEP191315-15,sol-updown-15m-1789837200,A,0.76,0.24,1.0,up,up,,,,,,,,,0.0,0.0,,,,,,,,,,,
2026-09-20T12:48:03.539198+00:00,CLOSED,ETH,KXETH15M-26SEP191315-15,eth-updown-15m-1789837200,A,0.6,0.4,1.0,up,up,,,,,,,,,0.0,0.0,,,,,,,,,,,
2026-09-20T12:48:03.728890+00:00,CLOSED,XRP,KXXRP15M-26SEP191315-15,xrp-updown-15m-1789837200,A,0.73,0.27,1.0,up,up,,,,,,,,,0.0,0.0,,,,,,,,,,,
2026-09-20T12:48:03.830076+00:00,CLOSED,BTC,KXBTC15M-26SEP191315-15,btc-updown-15m-1789837200,A,0.71,0.29,1.0,down,down,,,,,,,,,0.0,0.0,,,,,,,,,,,
2026-09-20T12:48:04.026884+00:00,CLOSED,BNB,KXBNB15M-26SEP191315-15,bnb-updown-15m-1789837200,A,0.7,0.3,1.0,down,down,,,,,,,,,0.0,0.0,,,,,,,,,,,
2026-09-20T12:48:04.218191+00:00,CLOSED,ZEC,KXZEC15M-26SEP191315-15,zec-updown-15m-1789837200,A,0.75,0.25,1.0,down,down,,,,,,,,,0.0,0.0,,,,,,,,,,,
2026-09-20T12:48:04.407956+00:00,CLOSED,HYPE,KXHYPE15M-26SEP191315-15,hype-updown-15m-1789837200,B,0.7,0.3,1.0,down,down,,,,,,,,,0.0,0.0,,,,,,,,,,,
2026-09-20T12:48:04.508226+00:00,CLOSED,ETH,KXETH15M-26SEP191330-30,eth-updown-15m-1789838100,A,0.75,0.25,1.0,down,down,,,,,,,,,0.0,0.0,,,,,,,,,,,
2026-09-20T12:48:04.693902+00:00,CLOSED,SOL,KXSOL15M-26SEP191330-30,sol-updown-15m-1789838100,B,0.76,0.24,1.0,down,down,,,,,,,,,0.0,0.0,,,,,,,,,,,
2026-09-20T12:48:04.791195+00:00,CLOSED,XRP,KXXRP15M-26SEP191330-30,xrp-updown-15m-1789838100,B,0.68,0.32,1.0,down,down,,,,,,,,,0.0,0.0,,,,,,,,,,,
2026-09-20T12:48:04.995197+00:00,CLOSED,BNB,KXBNB15M-26SEP191330-30,bnb-updown-15m-1789838100,B,0.78,0.22,1.0,down,down,,,,,,,,,0.0,0.0,,,,,,,,,,,
2026-09-20T12:48:05.100801+00:00,CLOSED,BTC,KXBTC15M-26SEP191330-30,btc-updown-15m-1789838100,B,0.72,0.28,1.0,down,down,,,,,,,,,0.0,0.0,,,,,,,,,,,
2026-09-20T12:48:05.297379+00:00,CLOSED,DOGE,KXDOGE15M-26SEP191330-30,doge-updown-15m-1789838100,A,0.73,0.27,1.0,down,down,,,,,,,,,0.0,0.0,,,,,,,,,,,
2026-09-20T12:48:05.494526+00:00,CLOSED,HYPE,KXHYPE15M-26SEP191330-30,hype-updown-15m-1789838100,B,0.42,0.58,1.0,down,down,,,,,,,,,0.0,0.0,,,,,,,,,,,
2026-09-20T12:48:05.689104+00:00,CLOSED,ZEC,KXZEC15M-26SEP191330-30,zec-updown-15m-1789838100,B,0.37,0.63,1.0,down,down,,,,,,,,,0.0,0.0,,,,,,,,,,,
2026-09-20T12:48:05.876897+00:00,CLOSED,BNB,KXBNB15M-26SEP191345-45,bnb-updown-15m-1789839000,A,0.44,0.56,1.0,down,down,,,,,,,,,0.0,0.0,,,,,,,,,,,
2026-09-20T12:48:06.085660+00:00,CLOSED,DOGE,KXDOGE15M-26SEP191345-45,doge-updown-15m-1789839000,B,0.62,0.38,1.0,down,down,,,,,,,,,0.0,0.0,,,,,,,,,,,
2026-09-20T12:48:06.185394+00:00,CLOSED,ETH,KXETH15M-26SEP191345-45,eth-updown-15m-1789839000,B,0.76,0.24,1.0,up,up,,,,,,,,,0.0,0.0,,,,,,,,,,,
2026-09-20T12:48:06.403346+00:00,CLOSED,HYPE,KXHYPE15M-26SEP191345-45,hype-updown-15m-1789839000,A,0.4,0.6,1.0,up,up,,,,,,,,,0.0,0.0,,,,,,,,,,,
2026-09-20T12:48:06.504718+00:00,CLOSED,BTC,KXBTC15M-26SEP191345-45,btc-updown-15m-1789839000,B,0.77,0.23,1.0,down,down,,,,,,,,,0.0,0.0,,,,,,,,,,,
2026-09-20T12:48:06.603043+00:00,CLOSED,SOL,KXSOL15M-26SEP191345-45,sol-updown-15m-1789839000,A,0.78,0.22,1.0,up,up,,,,,,,,,0.0,0.0,,,,,,,,,,,
2026-09-20T12:48:06.805000+00:00,CLOSED,ZEC,KXZEC15M-26SEP191345-45,zec-updown-15m-1789839000,A,0.12,0.88,1.0,up,up,,,,,,,,,0.0,0.0,,,,,,,,,,,
2026-09-20T12:48:06.884638+00:00,CLOSED,XRP,KXXRP15M-26SEP191345-45,xrp-updown-15m-1789839000,B,0.79,0.21,1.0,down,down,,,,,,,,,0.0,0.0,,,,,,,,,,,
2026-09-20T12:48:07.062069+00:00,CLOSED,SOL,KXSOL15M-26SEP191400-00,sol-updown-15m-1789839900,B,0.67,0.33,1.0,down,down,,,,,,,,,0.0,0.0,,,,,,,,,,,
2026-09-20T12:48:07.271712+00:00,CLOSED,ZEC,KXZEC15M-26SEP191400-00,zec-updown-15m-1789839900,B,0.48,0.52,1.0,up,up,,,,,,,,,0.0,0.0,,,,,,,,,,,
2026-09-20T12:48:07.370707+00:00,CLOSED,ETH,KXETH15M-26SEP191400-00,eth-updown-15m-1789839900,B,0.79,0.21,1.0,down,down,,,,,,,,,0.0,0.0,,,,,,,,,,,
2026-09-20T12:48:07.598282+00:00,CLOSED,DOGE,KXDOGE15M-26SEP191400-00,doge-updown-15m-1789839900,B,0.4,0.6,1.0,down,down,,,,,,,,,0.0,0.0,,,,,,,,,,,
2026-09-20T12:48:07.776380+00:00,CLOSED,BTC,KXBTC15M-26SEP191400-00,btc-updown-15m-1789839900,A,0.79,0.21,1.0,down,down,,,,,,,,,0.0,0.0,,,,,,,,,,,
2026-09-20T12:48:07.958355+00:00,CLOSED,BNB,KXBNB15M-26SEP191400-00,bnb-updown-15m-1789839900,A,0.49,0.51,1.0,down,down,,,,,,,,,0.0,0.0,,,,,,,,,,,
2026-09-20T12:48:08.153621+00:00,CLOSED,HYPE,KXHYPE15M-26SEP191400-00,hype-updown-15m-1789839900,A,0.48,0.52,1.0,down,down,,,,,,,,,0.0,0.0,,,,,,,,,,,
2026-09-20T12:48:08.231879+00:00,CLOSED,XRP,KXXRP15M-26SEP191400-00,xrp-updown-15m-1789839900,A,0.76,0.24,1.0,up,up,,,,,,,,,0.0,0.0,,,,,,,,,,,
2026-09-20T12:48:08.460354+00:00,CLOSED,DOGE,KXDOGE15M-26SEP191415-15,doge-updown-15m-1789840800,A,0.16,0.84,1.0,down,down,,,,,,,,,0.0,0.0,,,,,,,,,,,
2026-09-20T12:48:08.658380+00:00,CLOSED,XRP,KXXRP15M-26SEP191415-15,xrp-updown-15m-1789840800,A,0.56,0.44,1.0,down,down,,,,,,,,,0.0,0.0,,,,,,,,,,,
2026-09-20T12:48:08.859366+00:00,CLOSED,BNB,KXBNB15M-26SEP191415-15,bnb-updown-15m-1789840800,A,0.45,0.55,1.0,down,down,,,,,,,,,0.0,0.0,,,,,,,,,,,
2026-09-20T12:48:09.073586+00:00,CLOSED,HYPE,KXHYPE15M-26SEP191415-15,hype-updown-15m-1789840800,A,0.35,0.65,1.0,down,down,,,,,,,,,0.0,0.0,,,,,,,,,,,
2026-09-20T12:48:09.265105+00:00,CLOSED,ETH,KXETH15M-26SEP191415-15,eth-updown-15m-1789840800,A,0.61,0.39,1.0,down,down,,,,,,,,,0.0,0.0,,,,,,,,,,,
2026-09-20T12:48:09.369523+00:00,CLOSED,BTC,KXBTC15M-26SEP191415-15,btc-updown-15m-1789840800,A,0.55,0.45,1.0,down,down,,,,,,,,,0.0,0.0,,,,,,,,,,,
2026-09-20T12:48:09.555023+00:00,CLOSED,SOL,KXSOL15M-26SEP191415-15,sol-updown-15m-1789840800,A,0.43,0.57,1.0,down,down,,,,,,,,,0.0,0.0,,,,,,,,,,,
2026-09-20T12:48:09.741156+00:00,CLOSED,ZEC,KXZEC15M-26SEP191415-15,zec-updown-15m-1789840800,B,0.3,0.7,1.0,down,down,,,,,,,,,0.0,0.0,,,,,,,,,,,
2026-09-20T12:48:09.911396+00:00,CLOSED,XRP,KXXRP15M-26SEP191430-30,xrp-updown-15m-1789841700,B,0.42,0.58,1.0,down,down,,,,,,,,,0.0,0.0,,,,,,,,,,,
2026-09-20T12:48:10.085471+00:00,CLOSED,BTC,KXBTC15M-26SEP191430-30,btc-updown-15m-1789841700,A,0.77,0.23,1.0,up,up,,,,,,,,,0.0,0.0,,,,,,,,,,,
2026-09-20T12:48:10.200402+00:00,CLOSED,ETH,KXETH15M-26SEP191430-30,eth-updown-15m-1789841700,B,0.61,0.39,1.0,up,up,,,,,,,,,0.0,0.0,,,,,,,,,,,
2026-09-20T12:48:10.387405+00:00,CLOSED,BNB,KXBNB15M-26SEP191430-30,bnb-updown-15m-1789841700,B,0.48,0.52,1.0,up,up,,,,,,,,,0.0,0.0,,,,,,,,,,,
2026-09-20T12:48:10.588018+00:00,CLOSED,HYPE,KXHYPE15M-26SEP191430-30,hype-updown-15m-1789841700,B,0.43,0.57,1.0,up,up,,,,,,,,,0.0,0.0,,,,,,,,,,,
2026-09-20T12:48:10.776843+00:00,CLOSED,ZEC,KXZEC15M-26SEP191430-30,zec-updown-15m-1789841700,A,0.39,0.61,1.0,down,down,,,,,,,,,0.0,0.0,,,,,,,,,,,
2026-09-20T12:48:10.956570+00:00,CLOSED,DOGE,KXDOGE15M-26SEP191430-30,doge-updown-15m-1789841700,B,0.44,0.56,1.0,down,down,,,,,,,,,0.0,0.0,,,,,,,,,,,
2026-09-20T12:48:11.050098+00:00,CLOSED,SOL,KXSOL15M-26SEP191430-30,sol-updown-15m-1789841700,B,0.56,0.44,1.0,up,up,,,,,,,,,0.0,0.0,,,,,,,,,,,
2026-09-20T12:48:11.228607+00:00,CLOSED,HYPE,KXHYPE15M-26SEP191445-45,hype-updown-15m-1789842600,B,0.51,0.49,1.0,up,up,,,,,,,,,0.0,0.0,,,,,,,,,,,
2026-09-20T12:48:11.405023+00:00,CLOSED,BTC,KXBTC15M-26SEP191445-45,btc-updown-15m-1789842600,A,0.61,0.39,1.0,up,up,,,,,,,,,0.0,0.0,,,,,,,,,,,
2026-09-20T12:48:11.596427+00:00,CLOSED,ETH,KXETH15M-26SEP191445-45,eth-updown-15m-1789842600,B,0.56,0.44,1.0,up,up,,,,,,,,,0.0,0.0,,,,,,,,,,,
2026-09-20T12:48:11.774946+00:00,CLOSED,SOL,KXSOL15M-26SEP191445-45,sol-updown-15m-1789842600,B,0.58,0.42,1.0,up,up,,,,,,,,,0.0,0.0,,,,,,,,,,,
2026-09-20T12:48:11.957261+00:00,CLOSED,XRP,KXXRP15M-26SEP191445-45,xrp-updown-15m-1789842600,B,0.58,0.42,1.0,up,up,,,,,,,,,0.0,0.0,,,,,,,,,,,
2026-09-20T12:48:12.153257+00:00,CLOSED,DOGE,KXDOGE15M-26SEP191445-45,doge-updown-15m-1789842600,B,0.5,0.5,1.0,up,up,,,,,,,,,0.0,0.0,,,,,,,,,,,
2026-09-20T12:48:12.352811+00:00,CLOSED,ZEC,KXZEC15M-26SEP191445-45,zec-updown-15m-1789842600,B,0.48,0.52,1.0,down,down,,,,,,,,,0.0,0.0,,,,,,,,,,,
2026-09-20T12:48:12.565305+00:00,CLOSED,BNB,KXBNB15M-26SEP191445-45,bnb-updown-15m-1789842600,B,0.43,0.57,1.0,up,up,,,,,,,,,0.0,0.0,,,,,,,,,,,
2026-09-20T12:48:12.757745+00:00,CLOSED,BNB,KXBNB15M-26SEP191500-00,bnb-updown-15m-1789843500,B,0.49,0.51,1.0,up,up,,,,,,,,,0.0,0.0,,,,,,,,,,,
2026-09-20T12:48:12.961618+00:00,CLOSED,HYPE,KXHYPE15M-26SEP191500-00,hype-updown-15m-1789843500,A,0.42,0.58,1.0,down,down,,,,,,,,,0.0,0.0,,,,,,,,,,,
2026-09-20T12:48:13.041066+00:00,CLOSED,BTC,KXBTC15M-26SEP191500-00,btc-updown-15m-1789843500,B,0.65,0.35,1.0,down,down,,,,,,,,,0.0,0.0,,,,,,,,,,,
2026-09-20T12:48:13.131359+00:00,CLOSED,ETH,KXETH15M-26SEP191500-00,eth-updown-15m-1789843500,B,0.49,0.51,1.0,down,down,,,,,,,,,0.0,0.0,,,,,,,,,,,
2026-09-20T12:48:13.317037+00:00,CLOSED,SOL,KXSOL15M-26SEP191500-00,sol-updown-15m-1789843500,B,0.6,0.4,1.0,up,up,,,,,,,,,0.0,0.0,,,,,,,,,,,
2026-09-20T12:48:13.515324+00:00,CLOSED,DOGE,KXDOGE15M-26SEP191500-00,doge-updown-15m-1789843500,B,0.67,0.33,1.0,down,down,,,,,,,,,0.0,0.0,,,,,,,,,,,
2026-09-20T12:48:13.705016+00:00,CLOSED,ZEC,KXZEC15M-26SEP191500-00,zec-updown-15m-1789843500,B,0.45,0.55,1.0,up,up,,,,,,,,,0.0,0.0,,,,,,,,,,,
2026-09-20T12:48:13.891059+00:00,CLOSED,XRP,KXXRP15M-26SEP191500-00,xrp-updown-15m-1789843500,B,0.79,0.21,1.0,up,up,,,,,,,,,0.0,0.0,,,,,,,,,,,
2026-09-20T12:48:14.065804+00:00,CLOSED,XRP,KXXRP15M-26SEP191515-15,xrp-updown-15m-1789844400,A,0.78,0.22,1.0,down,down,,,,,,,,,0.0,0.0,,,,,,,,,,,
2026-09-20T12:48:14.276999+00:00,CLOSED,BNB,KXBNB15M-26SEP191515-15,bnb-updown-15m-1789844400,A,0.65,0.35,1.0,down,down,,,,,,,,,0.0,0.0,,,,,,,,,,,
2026-09-20T12:48:14.381667+00:00,CLOSED,BTC,KXBTC15M-26SEP191515-15,btc-updown-15m-1789844400,A,0.75,0.25,1.0,down,down,,,,,,,,,0.0,0.0,,,,,,,,,,,
2026-09-20T12:48:14.579172+00:00,CLOSED,ZEC,KXZEC15M-26SEP191530-30,zec-updown-15m-1789845300,B,0.76,0.24,1.0,up,up,,,,,,,,,0.0,0.0,,,,,,,,,,,
2026-09-20T12:48:14.669315+00:00,CLOSED,BTC,KXBTC15M-26SEP191530-30,btc-updown-15m-1789846200,A,0.451,-0.451,0.0,up,down,,,,,,,,,0.0,0.0,,,,,,,,,,,
2026-09-20T12:48:14.770496+00:00,CLOSED,SOL,KXSOL15M-26SEP191530-30,sol-updown-15m-1789846200,A,0.341,-0.341,0.0,up,down,,,,,,,,,0.0,0.0,,,,,,,,,,,
2026-09-20T12:48:14.957105+00:00,CLOSED,ZEC,KXZEC15M-26SEP191545-45,zec-updown-15m-1789846200,A,0.77,0.23,1.0,up,up,,,,,,,,,0.0,0.0,,,,,,,,,,,
2026-09-20T12:48:15.160401+00:00,CLOSED,BNB,KXBNB15M-26SEP191545-45,bnb-updown-15m-1789846200,A,0.76,0.24,1.0,down,down,,,,,,,,,0.0,0.0,,,,,,,,,,,
2026-09-20T12:48:15.333389+00:00,CLOSED,DOGE,KXDOGE15M-26SEP191545-45,doge-updown-15m-1789846200,A,0.68,0.32,1.0,down,down,,,,,,,,,0.0,0.0,,,,,,,,,,,
2026-09-20T12:48:15.559821+00:00,CLOSED,HYPE,KXHYPE15M-26SEP191545-45,hype-updown-15m-1789846200,A,0.73,0.27,1.0,down,down,,,,,,,,,0.0,0.0,,,,,,,,,,,
2026-09-20T12:48:15.628834+00:00,CLOSED,BTC,KXBTC15M-26SEP191545-45,btc-updown-15m-1789846200,B,0.74,0.26,1.0,down,down,,,,,,,,,0.0,0.0,,,,,,,,,,,
2026-09-20T12:48:15.687030+00:00,CLOSED,SOL,KXSOL15M-26SEP191545-45,sol-updown-15m-1789846200,B,0.65,0.35,1.0,down,down,,,,,,,,,0.0,0.0,,,,,,,,,,,
2026-09-20T12:48:15.785281+00:00,CLOSED,ETH,KXETH15M-26SEP191545-45,eth-updown-15m-1789846200,A,0.72,0.28,1.0,down,down,,,,,,,,,0.0,0.0,,,,,,,,,,,
2026-09-20T12:48:15.967400+00:00,CLOSED,XRP,KXXRP15M-26SEP191545-45,xrp-updown-15m-1789846200,A,0.69,0.31,1.0,up,up,,,,,,,,,0.0,0.0,,,,,,,,,,,
2026-09-20T12:48:16.061131+00:00,CLOSED,BTC,KXBTC15M-26SEP191600-00,btc-updown-15m-1789847100,B,0.76,0.24,1.0,up,up,,,,,,,,,0.0,0.0,,,,,,,,,,,
2026-09-20T12:48:16.267791+00:00,CLOSED,BNB,KXBNB15M-26SEP191600-00,bnb-updown-15m-1789847100,B,0.49,0.51,1.0,down,down,,,,,,,,,0.0,0.0,,,,,,,,,,,
2026-09-20T12:48:16.463656+00:00,CLOSED,HYPE,KXHYPE15M-26SEP191600-00,hype-updown-15m-1789847100,A,0.54,0.46,1.0,down,down,,,,,,,,,0.0,0.0,,,,,,,,,,,
2026-09-20T12:48:16.671868+00:00,CLOSED,ZEC,KXZEC15M-26SEP191600-00,zec-updown-15m-1789847100,A,0.39,0.61,1.0,down,down,,,,,,,,,0.0,0.0,,,,,,,,,,,
2026-09-20T12:48:16.768972+00:00,CLOSED,ETH,KXETH15M-26SEP191600-00,eth-updown-15m-1789847100,A,0.54,0.46,1.0,down,down,,,,,,,,,0.0,0.0,,,,,,,,,,,
2026-09-20T12:48:16.943070+00:00,CLOSED,SOL,KXSOL15M-26SEP191600-00,sol-updown-15m-1789847100,B,0.59,0.41,1.0,down,down,,,,,,,,,0.0,0.0,,,,,,,,,,,
2026-09-20T12:48:17.123578+00:00,CLOSED,XRP,KXXRP15M-26SEP191600-00,xrp-updown-15m-1789847100,B,0.55,0.45,1.0,down,down,,,,,,,,,0.0,0.0,,,,,,,,,,,
2026-09-20T12:48:17.314646+00:00,CLOSED,DOGE,KXDOGE15M-26SEP191600-00,doge-updown-15m-1789847100,A,0.41,0.59,1.0,down,down,,,,,,,,,0.0,0.0,,,,,,,,,,,
2026-09-20T12:48:17.494230+00:00,CLOSED,SOL,KXSOL15M-26SEP191615-15,sol-updown-15m-1789848000,B,0.58,0.42,1.0,up,up,,,,,,,,,0.0,0.0,,,,,,,,,,,
2026-09-20T12:48:17.833688+00:00,CLOSED,XRP,KXXRP15M-26SEP191615-15,xrp-updown-15m-1789848000,B,0.59,0.41,1.0,up,up,,,,,,,,,0.0,0.0,,,,,,,,,,,
2026-09-20T12:48:18.021116+00:00,CLOSED,DOGE,KXDOGE15M-26SEP191615-15,doge-updown-15m-1789848000,A,0.57,0.43,1.0,down,down,,,,,,,,,0.0,0.0,,,,,,,,,,,
2026-09-20T12:48:18.210153+00:00,CLOSED,HYPE,KXHYPE15M-26SEP191615-15,hype-updown-15m-1789848000,A,0.51,0.49,1.0,down,down,,,,,,,,,0.0,0.0,,,,,,,,,,,
2026-09-20T12:48:18.396318+00:00,CLOSED,ZEC,KXZEC15M-26SEP191615-15,zec-updown-15m-1789848000,B,0.43,0.57,1.0,down,down,,,,,,,,,0.0,0.0,,,,,,,,,,,
2026-09-20T12:48:18.466579+00:00,CLOSED,BTC,KXBTC15M-26SEP191615-15,btc-updown-15m-1789848000,A,0.6,0.4,1.0,up,up,,,,,,,,,0.0,0.0,,,,,,,,,,,
2026-09-20T12:48:18.672422+00:00,CLOSED,ETH,KXETH15M-26SEP191615-15,eth-updown-15m-1789848000,A,0.57,0.43,1.0,up,up,,,,,,,,,0.0,0.0,,,,,,,,,,,
2026-09-20T12:48:18.862837+00:00,CLOSED,BNB,KXBNB15M-26SEP191615-15,bnb-updown-15m-1789848000,B,0.47,0.53,1.0,down,down,,,,,,,,,0.0,0.0,,,,,,,,,,,
2026-09-20T12:48:19.083441+00:00,CLOSED,DOGE,KXDOGE15M-26SEP191630-30,doge-updown-15m-1789848900,A,0.59,0.41,1.0,down,down,,,,,,,,,0.0,0.0,,,,,,,,,,,
2026-09-20T12:48:19.277326+00:00,CLOSED,ZEC,KXZEC15M-26SEP191630-30,zec-updown-15m-1789848900,A,0.77,0.23,1.0,down,down,,,,,,,,,0.0,0.0,,,,,,,,,,,
2026-09-20T12:48:19.463696+00:00,CLOSED,HYPE,KXHYPE15M-26SEP191630-30,hype-updown-15m-1789848900,A,0.76,0.24,1.0,down,down,,,,,,,,,0.0,0.0,,,,,,,,,,,
2026-09-20T12:48:19.642810+00:00,CLOSED,SOL,KXSOL15M-26SEP191630-30,sol-updown-15m-1789848900,A,0.64,0.36,1.0,down,down,,,,,,,,,0.0,0.0,,,,,,,,,,,
2026-09-20T12:48:19.737930+00:00,CLOSED,ETH,KXETH15M-26SEP191630-30,eth-updown-15m-1789849800,A,0.472,0.528,1.0,up,up,,,,,,,,,0.0,0.0,,,,,,,,,,,
2026-09-20T12:48:19.915484+00:00,CLOSED,XRP,KXXRP15M-26SEP191630-30,xrp-updown-15m-1789849800,B,0.401,-0.401,0.0,down,up,,,,,,,,,0.0,0.0,,,,,,,,,,,
2026-09-20T12:48:20.101435+00:00,CLOSED,ZEC,KXZEC15M-26SEP191645-45,zec-updown-15m-1789849800,A,0.74,0.26,1.0,up,up,,,,,,,,,0.0,0.0,,,,,,,,,,,
2026-09-20T12:48:20.305016+00:00,CLOSED,BTC,KXBTC15M-26SEP191645-45,btc-updown-15m-1789849800,A,0.62,0.38,1.0,up,up,,,,,,,,,0.0,0.0,,,,,,,,,,,
2026-09-20T12:48:20.403610+00:00,CLOSED,ETH,KXETH15M-26SEP191700-00,eth-updown-15m-1789850700,A,0.75,0.25,1.0,down,down,,,,,,,,,0.0,0.0,,,,,,,,,,,
2026-09-20T12:48:20.601260+00:00,CLOSED,ZEC,KXZEC15M-26SEP191700-00,zec-updown-15m-1789850700,B,0.53,0.47,1.0,down,down,,,,,,,,,0.0,0.0,,,,,,,,,,,
2026-09-20T12:48:20.777859+00:00,CLOSED,XRP,KXXRP15M-26SEP191700-00,xrp-updown-15m-1789850700,A,0.74,0.26,1.0,down,down,,,,,,,,,0.0,0.0,,,,,,,,,,,
2026-09-20T12:48:20.960742+00:00,CLOSED,SOL,KXSOL15M-26SEP191700-00,sol-updown-15m-1789851600,B,0.381,0.619,1.0,down,down,,,,,,,,,0.0,0.0,,,,,,,,,,,
2026-09-20T12:48:21.144018+00:00,CLOSED,DOGE,KXDOGE15M-26SEP191700-00,doge-updown-15m-1789851600,B,0.391,0.609,1.0,down,down,,,,,,,,,0.0,0.0,,,,,,,,,,,
2026-09-20T12:48:21.329884+00:00,CLOSED,HYPE,KXHYPE15M-26SEP191715-15,hype-updown-15m-1789851600,B,0.66,0.34,1.0,down,down,,,,,,,,,0.0,0.0,,,,,,,,,,,
2026-09-20T12:48:21.514990+00:00,CLOSED,ZEC,KXZEC15M-26SEP191715-15,zec-updown-15m-1789851600,A,0.59,0.41,1.0,down,down,,,,,,,,,0.0,0.0,,,,,,,,,,,
2026-09-20T12:48:21.699386+00:00,CLOSED,BNB,KXBNB15M-26SEP191730-30,bnb-updown-15m-1789853400,B,0.471,0.529,1.0,down,down,,,,,,,,,0.0,0.0,,,,,,,,,,,
2026-09-20T12:48:21.894526+00:00,CLOSED,HYPE,KXHYPE15M-26SEP191730-30,hype-updown-15m-1789853400,A,0.461,-0.461,0.0,up,down,,,,,,,,,0.0,0.0,,,,,,,,,,,
2026-09-20T12:48:22.084724+00:00,CLOSED,ZEC,KXZEC15M-26SEP191745-45,zec-updown-15m-1789853400,B,0.75,0.25,1.0,down,down,,,,,,,,,0.0,0.0,,,,,,,,,,,
2026-09-20T12:48:22.285257+00:00,CLOSED,ZEC,KXZEC15M-26SEP191800-00,zec-updown-15m-1789854300,B,0.795,0.205,1.0,down,down,,,,,,,,,0.0,0.0,,,,,,,,,,,
2026-09-20T12:48:22.475539+00:00,CLOSED,HYPE,KXHYPE15M-26SEP191815-15,hype-updown-15m-1789855200,B,0.77,0.23,1.0,down,down,,,,,,,,,0.0,0.0,,,,,,,,,,,
2026-09-20T12:48:22.666169+00:00,CLOSED,ZEC,KXZEC15M-26SEP191815-15,zec-updown-15m-1789855200,A,0.25,0.75,1.0,up,up,,,,,,,,,0.0,0.0,,,,,,,,,,,
2026-09-20T12:48:22.851473+00:00,CLOSED,ZEC,KXZEC15M-26SEP191830-30,zec-updown-15m-1789856100,B,0.79,0.21,1.0,up,up,,,,,,,,,0.0,0.0,,,,,,,,,,,
2026-09-20T12:48:23.032552+00:00,CLOSED,DOGE,KXDOGE15M-26SEP191830-30,doge-updown-15m-1789857000,A,0.503,0.497,1.0,up,up,,,,,,,,,0.0,0.0,,,,,,,,,,,
2026-09-20T12:48:23.225372+00:00,CLOSED,HYPE,KXHYPE15M-26SEP191830-30,hype-updown-15m-1789857000,A,0.451,0.549,1.0,up,up,,,,,,,,,0.0,0.0,,,,,,,,,,,
2026-09-20T12:48:23.413298+00:00,CLOSED,ZEC,KXZEC15M-26SEP191845-45,zec-updown-15m-1789857000,B,0.7,0.3,1.0,up,up,,,,,,,,,0.0,0.0,,,,,,,,,,,
2026-09-20T12:48:23.610247+00:00,CLOSED,ZEC,KXZEC15M-26SEP191900-00,zec-updown-15m-1789857900,B,0.71,0.29,1.0,up,up,,,,,,,,,0.0,0.0,,,,,,,,,,,
2026-09-20T12:48:23.709637+00:00,CLOSED,BTC,KXBTC15M-26SEP191900-00,btc-updown-15m-1789858800,A,0.481,0.519,1.0,up,up,,,,,,,,,0.0,0.0,,,,,,,,,,,
2026-09-20T12:48:23.893511+00:00,CLOSED,XRP,KXXRP15M-26SEP191900-00,xrp-updown-15m-1789858800,A,0.371,-0.371,0.0,up,down,,,,,,,,,0.0,0.0,,,,,,,,,,,
2026-09-20T12:48:24.086579+00:00,CLOSED,ZEC,KXZEC15M-26SEP191915-15,zec-updown-15m-1789858800,A,0.77,0.23,1.0,up,up,,,,,,,,,0.0,0.0,,,,,,,,,,,
2026-09-20T12:48:24.185109+00:00,CLOSED,BTC,KXBTC15M-26SEP191930-30,btc-updown-15m-1789859700,A,0.76,0.24,1.0,up,up,,,,,,,,,0.0,0.0,,,,,,,,,,,
2026-09-20T12:48:24.284673+00:00,CLOSED,ETH,KXETH15M-26SEP191930-30,eth-updown-15m-1789859700,A,0.58,0.42,1.0,down,down,,,,,,,,,0.0,0.0,,,,,,,,,,,
2026-09-20T12:48:24.481322+00:00,CLOSED,DOGE,KXDOGE15M-26SEP191930-30,doge-updown-15m-1789859700,A,0.64,0.36,1.0,down,down,,,,,,,,,0.0,0.0,,,,,,,,,,,
2026-09-20T12:48:24.671900+00:00,CLOSED,BNB,KXBNB15M-26SEP191930-30,bnb-updown-15m-1789859700,B,0.64,0.36,1.0,up,up,,,,,,,,,0.0,0.0,,,,,,,,,,,
2026-09-20T12:48:24.852254+00:00,CLOSED,SOL,KXSOL15M-26SEP191930-30,sol-updown-15m-1789859700,B,0.59,0.41,1.0,up,up,,,,,,,,,0.0,0.0,,,,,,,,,,,
2026-09-20T12:48:25.022097+00:00,CLOSED,XRP,KXXRP15M-26SEP191930-30,xrp-updown-15m-1789859700,A,0.69,0.31,1.0,down,down,,,,,,,,,0.0,0.0,,,,,,,,,,,
2026-09-20T12:48:25.209179+00:00,CLOSED,HYPE,KXHYPE15M-26SEP191930-30,hype-updown-15m-1789859700,A,0.76,0.24,1.0,up,up,,,,,,,,,0.0,0.0,,,,,,,,,,,
2026-09-20T12:48:25.391641+00:00,CLOSED,DOGE,KXDOGE15M-26SEP191945-45,doge-updown-15m-1789860600,B,0.56,0.44,1.0,up,up,,,,,,,,,0.0,0.0,,,,,,,,,,,
2026-09-20T12:48:25.598866+00:00,CLOSED,HYPE,KXHYPE15M-26SEP191945-45,hype-updown-15m-1789860600,B,0.59,0.41,1.0,up,up,,,,,,,,,0.0,0.0,,,,,,,,,,,
2026-09-20T12:48:25.795773+00:00,CLOSED,ZEC,KXZEC15M-26SEP191945-45,zec-updown-15m-1789860600,B,0.68,0.32,1.0,down,down,,,,,,,,,0.0,0.0,,,,,,,,,,,
2026-09-20T12:48:25.993684+00:00,CLOSED,BNB,KXBNB15M-26SEP191945-45,bnb-updown-15m-1789860600,A,0.7,0.3,1.0,down,down,,,,,,,,,0.0,0.0,,,,,,,,,,,
2026-09-20T12:48:26.181747+00:00,CLOSED,SOL,KXSOL15M-26SEP192000-00,sol-updown-15m-1789861500,A,0.68,0.32,1.0,down,down,,,,,,,,,0.0,0.0,,,,,,,,,,,
2026-09-20T12:48:26.376327+00:00,CLOSED,ZEC,KXZEC15M-26SEP192000-00,zec-updown-15m-1789861500,A,0.74,0.26,1.0,down,down,,,,,,,,,0.0,0.0,,,,,,,,,,,
2026-09-20T12:48:26.454317+00:00,CLOSED,BTC,KXBTC15M-26SEP192015-15,btc-updown-15m-1789862400,B,0.79,0.21,1.0,up,up,,,,,,,,,0.0,0.0,,,,,,,,,,,
2026-09-20T12:48:26.662982+00:00,CLOSED,ZEC,KXZEC15M-26SEP192015-15,zec-updown-15m-1789862400,A,0.58,0.42,1.0,up,up,,,,,,,,,0.0,0.0,,,,,,,,,,,
2026-09-20T12:48:26.841748+00:00,CLOSED,XRP,KXXRP15M-26SEP192000-00,xrp-updown-15m-1789862400,B,0.551,0.449,1.0,down,down,,,,,,,,,0.0,0.0,,,,,,,,,,,
2026-09-20T12:48:27.034801+00:00,CLOSED,ZEC,KXZEC15M-26SEP192030-30,zec-updown-15m-1789863300,A,0.63,0.37,1.0,down,down,,,,,,,,,0.0,0.0,,,,,,,,,,,
2026-09-20T12:48:27.224037+00:00,CLOSED,SOL,KXSOL15M-26SEP192030-30,sol-updown-15m-1789864200,B,0.301,-0.301,0.0,down,up,,,,,,,,,0.0,0.0,,,,,,,,,,,
2026-09-20T12:48:27.421476+00:00,CLOSED,ZEC,KXZEC15M-26SEP192045-45,zec-updown-15m-1789864200,A,0.73,0.27,1.0,up,up,,,,,,,,,0.0,0.0,,,,,,,,,,,
2026-09-20T12:48:27.506181+00:00,CLOSED,ETH,KXETH15M-26SEP192030-30,eth-updown-15m-1789864200,A,0.68,1.32,2.0,down,up,,,,,,,,,0.0,0.0,,,,,,,,,,,
2026-09-20T12:48:27.678352+00:00,CLOSED,XRP,KXXRP15M-26SEP192030-30,xrp-updown-15m-1789864200,B,0.421,-0.421,0.0,down,up,,,,,,,,,0.0,0.0,,,,,,,,,,,
2026-09-20T12:48:27.858371+00:00,CLOSED,DOGE,KXDOGE15M-26SEP192045-45,doge-updown-15m-1789864200,A,0.78,0.22,1.0,up,up,,,,,,,,,0.0,0.0,,,,,,,,,,,
2026-09-20T12:48:28.062712+00:00,CLOSED,ZEC,KXZEC15M-26SEP192100-00,zec-updown-15m-1789865100,A,0.79,0.21,1.0,up,up,,,,,,,,,0.0,0.0,,,,,,,,,,,
2026-09-20T12:48:28.233376+00:00,CLOSED,SOL,KXSOL15M-26SEP192100-00,sol-updown-15m-1789866000,B,0.541,0.459,1.0,down,down,,,,,,,,,0.0,0.0,,,,,,,,,,,
2026-09-20T12:48:28.421776+00:00,CLOSED,ZEC,KXZEC15M-26SEP192115-15,zec-updown-15m-1789866000,B,0.78,0.22,1.0,down,down,,,,,,,,,0.0,0.0,,,,,,,,,,,
2026-09-20T12:48:28.621553+00:00,CLOSED,DOGE,KXDOGE15M-26SEP192100-00,doge-updown-15m-1789866000,B,0.551,0.449,1.0,down,down,,,,,,,,,0.0,0.0,,,,,,,,,,,
2026-09-20T12:48:28.792591+00:00,CLOSED,BNB,KXBNB15M-26SEP192115-15,bnb-updown-15m-1789866000,A,0.78,0.22,1.0,down,down,,,,,,,,,0.0,0.0,,,,,,,,,,,
2026-09-20T12:48:28.964875+00:00,CLOSED,HYPE,KXHYPE15M-26SEP192130-30,hype-updown-15m-1789866900,A,0.78,0.22,1.0,down,down,,,,,,,,,0.0,0.0,,,,,,,,,,,
2026-09-20T12:48:29.156063+00:00,CLOSED,ZEC,KXZEC15M-26SEP192130-30,zec-updown-15m-1789866900,A,0.58,0.42,1.0,down,down,,,,,,,,,0.0,0.0,,,,,,,,,,,
2026-09-20T12:48:29.263004+00:00,CLOSED,SOL,KXSOL15M-26SEP192130-30,sol-updown-15m-1789866900,A,0.48,0.52,1.0,down,down,,,,,,,,,0.0,0.0,,,,,,,,,,,
2026-09-20T12:48:29.356857+00:00,CLOSED,BTC,KXBTC15M-26SEP192130-30,btc-updown-15m-1789866900,A,0.38,0.62,1.0,down,down,,,,,,,,,0.0,0.0,,,,,,,,,,,
2026-09-20T12:48:29.535260+00:00,CLOSED,BNB,KXBNB15M-26SEP192130-30,bnb-updown-15m-1789866900,A,0.49,-0.49,0.0,up,down,,,,,,,,,0.0,0.0,,,,,,,,,,,
2026-09-20T12:48:29.634706+00:00,CLOSED,ETH,KXETH15M-26SEP192130-30,eth-updown-15m-1789867800,B,0.451,0.549,1.0,down,down,,,,,,,,,0.0,0.0,,,,,,,,,,,
2026-09-20T12:48:29.824522+00:00,CLOSED,ZEC,KXZEC15M-26SEP192200-00,zec-updown-15m-1789868700,B,0.77,0.23,1.0,up,up,,,,,,,,,0.0,0.0,,,,,,,,,,,
2026-09-20T12:48:30.024267+00:00,CLOSED,HYPE,KXHYPE15M-26SEP192200-00,hype-updown-15m-1789868700,B,0.69,0.31,1.0,up,up,,,,,,,,,0.0,0.0,,,,,,,,,,,
2026-09-20T12:48:30.109109+00:00,CLOSED,BTC,KXBTC15M-26SEP192200-00,btc-updown-15m-1789868700,B,0.74,0.26,1.0,up,up,,,,,,,,,0.0,0.0,,,,,,,,,,,
2026-09-20T12:48:30.211590+00:00,CLOSED,ETH,KXETH15M-26SEP192200-00,eth-updown-15m-1789868700,A,0.76,0.24,1.0,up,up,,,,,,,,,0.0,0.0,,,,,,,,,,,
2026-09-20T12:48:30.396508+00:00,CLOSED,HYPE,KXHYPE15M-26SEP192215-15,hype-updown-15m-1789869600,A,0.06,-0.06,0.0,up,down,,,,,,,,,0.0,0.0,,,,,,,,,,,
2026-09-20T12:48:30.572689+00:00,CLOSED,XRP,KXXRP15M-26SEP192200-00,xrp-updown-15m-1789869600,A,0.491,0.509,1.0,up,up,,,,,,,,,0.0,0.0,,,,,,,,,,,
2026-09-20T12:48:30.767746+00:00,CLOSED,SOL,KXSOL15M-26SEP192200-00,sol-updown-15m-1789869600,B,0.542,-0.542,0.0,down,up,,,,,,,,,0.0,0.0,,,,,,,,,,,
2026-09-20T12:48:30.973994+00:00,CLOSED,ZEC,KXZEC15M-26SEP192230-30,zec-updown-15m-1789870500,B,0.77,0.23,1.0,down,down,,,,,,,,,0.0,0.0,,,,,,,,,,,
2026-09-20T12:48:31.157558+00:00,CLOSED,BNB,KXBNB15M-26SEP192230-30,bnb-updown-15m-1789870500,A,0.77,0.23,1.0,down,down,,,,,,,,,0.0,0.0,,,,,,,,,,,
2026-09-20T12:48:31.247275+00:00,CLOSED,ETH,KXETH15M-26SEP192230-30,eth-updown-15m-1789871400,B,0.381,0.619,1.0,down,down,,,,,,,,,0.0,0.0,,,,,,,,,,,
2026-09-20T12:48:31.433119+00:00,CLOSED,ZEC,KXZEC15M-26SEP192245-45,zec-updown-15m-1789871400,B,0.68,0.32,1.0,down,down,,,,,,,,,0.0,0.0,,,,,,,,,,,
2026-09-20T12:48:31.602837+00:00,CLOSED,HYPE,KXHYPE15M-26SEP192230-30,hype-updown-15m-1789871400,B,0.311,0.689,1.0,down,down,,,,,,,,,0.0,0.0,,,,,,,,,,,
2026-09-20T12:48:31.808743+00:00,CLOSED,DOGE,KXDOGE15M-26SEP192300-00,doge-updown-15m-1789872300,A,0.76,0.24,1.0,down,down,,,,,,,,,0.0,0.0,,,,,,,,,,,
2026-09-20T12:48:31.979618+00:00,CLOSED,BNB,KXBNB15M-26SEP192300-00,bnb-updown-15m-1789872300,A,0.79,0.21,1.0,down,down,,,,,,,,,0.0,0.0,,,,,,,,,,,
2026-09-20T12:48:32.145588+00:00,CLOSED,XRP,KXXRP15M-26SEP192300-00,xrp-updown-15m-1789872300,B,0.69,0.31,1.0,down,down,,,,,,,,,0.0,0.0,,,,,,,,,,,
2026-09-20T12:48:32.340574+00:00,CLOSED,ZEC,KXZEC15M-26SEP192300-00,zec-updown-15m-1789872300,B,0.5,0.5,1.0,down,down,,,,,,,,,0.0,0.0,,,,,,,,,,,
2026-09-20T12:48:32.531417+00:00,CLOSED,ZEC,KXZEC15M-26SEP192315-15,zec-updown-15m-1789873200,B,0.78,0.22,1.0,up,up,,,,,,,,,0.0,0.0,,,,,,,,,,,
2026-09-20T12:48:32.719139+00:00,CLOSED,HYPE,KXHYPE15M-26SEP192315-15,hype-updown-15m-1789873200,A,0.79,0.21,1.0,down,down,,,,,,,,,0.0,0.0,,,,,,,,,,,
2026-09-20T12:48:32.904032+00:00,CLOSED,ETH,KXETH15M-26SEP192300-00,eth-updown-15m-1789873200,B,0.351,-0.351,0.0,down,up,,,,,,,,,0.0,0.0,,,,,,,,,,,
2026-09-20T12:48:33.110173+00:00,CLOSED,ZEC,KXZEC15M-26SEP192330-30,zec-updown-15m-1789874100,B,0.78,0.22,1.0,down,down,,,,,,,,,0.0,0.0,,,,,,,,,,,
2026-09-20T12:48:33.280278+00:00,CLOSED,SOL,KXSOL15M-26SEP192330-30,sol-updown-15m-1789875000,A,0.411,-0.411,0.0,up,down,,,,,,,,,0.0,0.0,,,,,,,,,,,
2026-09-20T12:48:33.450752+00:00,CLOSED,DOGE,KXDOGE15M-26SEP192330-30,doge-updown-15m-1789875000,A,0.421,-0.421,0.0,up,down,,,,,,,,,0.0,0.0,,,,,,,,,,,
2026-09-20T12:48:33.622346+00:00,CLOSED,BNB,KXBNB15M-26SEP192330-30,bnb-updown-15m-1789875000,A,0.431,-0.431,0.0,up,down,,,,,,,,,0.0,0.0,,,,,,,,,,,
2026-09-20T12:48:33.799847+00:00,CLOSED,HYPE,KXHYPE15M-26SEP192330-30,hype-updown-15m-1789875000,A,0.441,-0.441,0.0,up,down,,,,,,,,,0.0,0.0,,,,,,,,,,,
2026-09-20T12:48:34.004567+00:00,CLOSED,ZEC,KXZEC15M-26SEP192345-45,zec-updown-15m-1789875000,B,0.69,0.31,1.0,down,down,,,,,,,,,0.0,0.0,,,,,,,,,,,
2026-09-20T12:48:34.203777+00:00,CLOSED,ZEC,KXZEC15M-26SEP200000-00,zec-updown-15m-1789875900,A,0.77,0.23,1.0,up,up,,,,,,,,,0.0,0.0,,,,,,,,,,,
2026-09-20T12:48:34.393565+00:00,CLOSED,ZEC,KXZEC15M-26SEP200015-15,zec-updown-15m-1789876800,A,0.78,0.22,1.0,down,down,,,,,,,,,0.0,0.0,,,,,,,,,,,
2026-09-20T12:48:34.573880+00:00,CLOSED,BNB,KXBNB15M-26SEP200030-30,bnb-updown-15m-1789877700,A,0.42,-0.42,0.0,up,down,,,,,,,,,0.0,0.0,,,,,,,,,,,
2026-09-20T12:48:34.856684+00:00,CLOSED,ZEC,KXZEC15M-26SEP200030-30,zec-updown-15m-1789877700,A,0.75,0.25,1.0,up,up,,,,,,,,,0.0,0.0,,,,,,,,,,,
2026-09-20T12:48:35.047919+00:00,CLOSED,XRP,KXXRP15M-26SEP200030-30,xrp-updown-15m-1789878600,B,0.502,0.498,1.0,down,down,,,,,,,,,0.0,0.0,,,,,,,,,,,
2026-09-20T12:48:35.238527+00:00,CLOSED,ZEC,KXZEC15M-26SEP200045-45,zec-updown-15m-1789878600,B,0.74,0.26,1.0,up,up,,,,,,,,,0.0,0.0,,,,,,,,,,,
2026-09-20T12:48:35.347497+00:00,CLOSED,ETH,KXETH15M-26SEP200030-30,eth-updown-15m-1789878600,B,0.493,0.507,1.0,down,down,,,,,,,,,0.0,0.0,,,,,,,,,,,
2026-09-20T12:48:35.523902+00:00,CLOSED,DOGE,KXDOGE15M-26SEP200030-30,doge-updown-15m-1789878600,A,0.391,0.609,1.0,up,up,,,,,,,,,0.0,0.0,,,,,,,,,,,
2026-09-20T12:48:35.700685+00:00,CLOSED,SOL,KXSOL15M-26SEP200045-45,sol-updown-15m-1789878600,B,0.79,0.21,1.0,down,down,,,,,,,,,0.0,0.0,,,,,,,,,,,
2026-09-20T12:48:35.892633+00:00,CLOSED,BNB,KXBNB15M-26SEP200045-45,bnb-updown-15m-1789878600,B,0.7,0.3,1.0,down,down,,,,,,,,,0.0,0.0,,,,,,,,,,,
2026-09-20T12:48:36.104338+00:00,CLOSED,DOGE,KXDOGE15M-26SEP200100-00,doge-updown-15m-1789879500,B,0.76,0.24,1.0,down,down,,,,,,,,,0.0,0.0,,,,,,,,,,,
2026-09-20T12:48:36.324535+00:00,CLOSED,ZEC,KXZEC15M-26SEP200100-00,zec-updown-15m-1789879500,B,0.54,0.46,1.0,up,up,,,,,,,,,0.0,0.0,,,,,,,,,,,
2026-09-20T12:48:36.450333+00:00,CLOSED,ETH,KXETH15M-26SEP200100-00,eth-updown-15m-1789880400,B,0.481,-0.481,0.0,down,up,,,,,,,,,0.0,0.0,,,,,,,,,,,
2026-09-20T12:48:36.646308+00:00,CLOSED,XRP,KXXRP15M-26SEP200100-00,xrp-updown-15m-1789880400,B,0.513,-0.513,0.0,down,up,,,,,,,,,0.0,0.0,,,,,,,,,,,
2026-09-20T12:48:36.946078+00:00,CLOSED,ZEC,KXZEC15M-26SEP200115-15,zec-updown-15m-1789880400,B,0.79,0.21,1.0,up,up,,,,,,,,,0.0,0.0,,,,,,,,,,,
2026-09-20T12:48:37.051392+00:00,CLOSED,BTC,KXBTC15M-26SEP200130-30,btc-updown-15m-1789881300,A,0.77,0.23,1.0,down,down,,,,,,,,,0.0,0.0,,,,,,,,,,,
2026-09-20T12:48:37.247399+00:00,CLOSED,ZEC,KXZEC15M-26SEP200145-45,zec-updown-15m-1789882200,A,0.74,0.26,1.0,up,up,,,,,,,,,0.0,0.0,,,,,,,,,,,
2026-09-20T12:48:37.427808+00:00,CLOSED,ZEC,KXZEC15M-26SEP200200-00,zec-updown-15m-1789883100,A,0.059,0.941,1.0,up,up,,,,,,,,,0.0,0.0,,,,,,,,,,,
2026-09-20T12:48:37.607890+00:00,CLOSED,SOL,KXSOL15M-26SEP200200-00,sol-updown-15m-1789884000,A,0.461,-0.461,0.0,up,down,,,,,,,,,0.0,0.0,,,,,,,,,,,
2026-09-20T12:48:37.785467+00:00,CLOSED,BNB,KXBNB15M-26SEP200200-00,bnb-updown-15m-1789884000,A,0.501,-0.501,0.0,up,down,,,,,,,,,0.0,0.0,,,,,,,,,,,
2026-09-20T12:48:37.861424+00:00,CLOSED,BNB,KXBNB15M-26SEP200215-15,bnb-updown-15m-1789884000,B,0.67,1.33,2.0,up,down,,,,,,,,,0.0,0.0,,,,,,,,,,,
2026-09-20T12:48:38.050097+00:00,CLOSED,ZEC,KXZEC15M-26SEP200215-15,zec-updown-15m-1789884000,A,0.77,0.23,1.0,down,down,,,,,,,,,0.0,0.0,,,,,,,,,,,
2026-09-20T12:48:38.240913+00:00,CLOSED,XRP,KXXRP15M-26SEP200215-15,xrp-updown-15m-1789884000,B,0.79,1.21,2.0,up,down,,,,,,,,,0.0,0.0,,,,,,,,,,,
2026-09-20T12:48:38.421738+00:00,CLOSED,DOGE,KXDOGE15M-26SEP200215-15,doge-updown-15m-1789884000,A,0.62,0.38,1.0,down,down,,,,,,,,,0.0,0.0,,,,,,,,,,,
2026-09-20T12:48:38.637348+00:00,CLOSED,ZEC,KXZEC15M-26SEP200230-30,zec-updown-15m-1789884900,B,0.768,0.232,1.0,down,down,,,,,,,,,0.0,0.0,,,,,,,,,,,
2026-09-20T12:48:38.742443+00:00,CLOSED,ETH,KXETH15M-26SEP200230-30,eth-updown-15m-1789885800,A,0.391,-0.391,0.0,up,down,,,,,,,,,0.0,0.0,,,,,,,,,,,
2026-09-20T12:48:38.838066+00:00,CLOSED,SOL,KXSOL15M-26SEP200230-30,sol-updown-15m-1789885800,B,0.631,0.369,1.0,down,down,,,,,,,,,0.0,0.0,,,,,,,,,,,
2026-09-20T12:48:39.015127+00:00,CLOSED,DOGE,KXDOGE15M-26SEP200230-30,doge-updown-15m-1789885800,A,0.4,-0.4,0.0,up,down,,,,,,,,,0.0,0.0,,,,,,,,,,,
2026-09-20T12:48:39.196958+00:00,CLOSED,BNB,KXBNB15M-26SEP200230-30,bnb-updown-15m-1789885800,A,0.391,-0.391,0.0,up,down,,,,,,,,,0.0,0.0,,,,,,,,,,,
2026-09-20T12:48:39.417775+00:00,CLOSED,ZEC,KXZEC15M-26SEP200245-45,zec-updown-15m-1789885800,A,0.72,0.28,1.0,down,down,,,,,,,,,0.0,0.0,,,,,,,,,,,
2026-09-20T12:48:39.611077+00:00,CLOSED,ZEC,KXZEC15M-26SEP200300-00,zec-updown-15m-1789886700,A,0.7,0.3,1.0,up,up,,,,,,,,,0.0,0.0,,,,,,,,,,,
2026-09-20T12:48:39.812381+00:00,CLOSED,ZEC,KXZEC15M-26SEP200315-15,zec-updown-15m-1789887600,B,0.77,0.23,1.0,up,up,,,,,,,,,0.0,0.0,,,,,,,,,,,
2026-09-20T12:48:39.988192+00:00,CLOSED,XRP,KXXRP15M-26SEP200300-00,xrp-updown-15m-1789887600,A,0.421,0.579,1.0,up,up,,,,,,,,,0.0,0.0,,,,,,,,,,,
2026-09-20T12:48:40.167322+00:00,CLOSED,BTC,KXBTC15M-26SEP200330-30,btc-updown-15m-1789888500,B,0.69,0.31,1.0,up,up,,,,,,,,,0.0,0.0,,,,,,,,,,,
2026-09-20T12:48:40.374241+00:00,CLOSED,ZEC,KXZEC15M-26SEP200330-30,zec-updown-15m-1789888500,B,0.45,0.55,1.0,up,up,,,,,,,,,0.0,0.0,,,,,,,,,,,
2026-09-20T12:48:40.449822+00:00,CLOSED,XRP,KXXRP15M-26SEP200330-30,xrp-updown-15m-1789888500,A,0.67,-0.67,0.0,up,down,,,,,,,,,0.0,0.0,,,,,,,,,,,
2026-09-20T12:48:40.631881+00:00,CLOSED,DOGE,KXDOGE15M-26SEP200330-30,doge-updown-15m-1789889400,B,0.491,0.509,1.0,down,down,,,,,,,,,0.0,0.0,,,,,,,,,,,
2026-09-20T12:48:40.806704+00:00,CLOSED,HYPE,KXHYPE15M-26SEP200345-45,hype-updown-15m-1789889400,A,0.79,0.21,1.0,down,down,,,,,,,,,0.0,0.0,,,,,,,,,,,
2026-09-20T12:48:40.901550+00:00,CLOSED,ETH,KXETH15M-26SEP200330-30,eth-updown-15m-1789889400,A,0.491,-0.491,0.0,up,down,,,,,,,,,0.0,0.0,,,,,,,,,,,
2026-09-20T12:48:41.100117+00:00,CLOSED,ZEC,KXZEC15M-26SEP200345-45,zec-updown-15m-1789889400,A,0.59,0.41,1.0,down,down,,,,,,,,,0.0,0.0,,,,,,,,,,,
2026-09-20T12:48:41.316531+00:00,CLOSED,ZEC,KXZEC15M-26SEP200400-00,zec-updown-15m-1789890300,B,0.798,0.202,1.0,down,down,,,,,,,,,0.0,0.0,,,,,,,,,,,
2026-09-20T12:48:41.514126+00:00,CLOSED,SOL,KXSOL15M-26SEP200400-00,sol-updown-15m-1789891200,B,0.631,-0.631,0.0,down,up,,,,,,,,,0.0,0.0,,,,,,,,,,,
2026-09-20T12:48:41.687771+00:00,CLOSED,DOGE,KXDOGE15M-26SEP200400-00,doge-updown-15m-1789891200,B,0.551,-0.551,0.0,down,up,,,,,,,,,0.0,0.0,,,,,,,,,,,
2026-09-20T12:48:41.872737+00:00,CLOSED,ZEC,KXZEC15M-26SEP200415-15,zec-updown-15m-1789891200,A,0.73,-0.73,0.0,up,down,,,,,,,,,0.0,0.0,,,,,,,,,,,
2026-09-20T12:48:42.070018+00:00,CLOSED,HYPE,KXHYPE15M-26SEP200415-15,hype-updown-15m-1789891200,B,0.79,0.21,1.0,up,up,,,,,,,,,0.0,0.0,,,,,,,,,,,
2026-09-20T12:48:42.257117+00:00,CLOSED,BNB,KXBNB15M-26SEP200430-30,bnb-updown-15m-1789892100,B,0.309,0.691,1.0,up,up,,,,,,,,,0.0,0.0,,,,,,,,,,,
2026-09-20T12:48:42.442744+00:00,CLOSED,ZEC,KXZEC15M-26SEP200445-45,zec-updown-15m-1789893000,A,0.79,0.21,1.0,down,down,,,,,,,,,0.0,0.0,,,,,,,,,,,
2026-09-20T12:48:42.645546+00:00,CLOSED,ZEC,KXZEC15M-26SEP200500-00,zec-updown-15m-1789893900,B,0.71,0.29,1.0,up,up,,,,,,,,,0.0,0.0,,,,,,,,,,,
2026-09-20T12:48:42.854601+00:00,CLOSED,ZEC,KXZEC15M-26SEP200515-15,zec-updown-15m-1789894800,B,0.76,0.24,1.0,down,down,,,,,,,,,0.0,0.0,,,,,,,,,,,
2026-09-20T12:48:42.962003+00:00,CLOSED,BTC,KXBTC15M-26SEP200500-00,btc-updown-15m-1789894800,A,0.476,0.524,1.0,up,up,,,,,,,,,0.0,0.0,,,,,,,,,,,
2026-09-20T12:48:43.144113+00:00,CLOSED,ZEC,KXZEC15M-26SEP200530-30,zec-updown-15m-1789895700,A,0.575,0.425,1.0,up,up,,,,,,,,,0.0,0.0,,,,,,,,,,,
2026-09-20T12:48:43.340614+00:00,CLOSED,BNB,KXBNB15M-26SEP200530-30,bnb-updown-15m-1789896600,A,0.601,0.399,1.0,up,up,,,,,,,,,0.0,0.0,,,,,,,,,,,
2026-09-20T12:48:43.527639+00:00,CLOSED,HYPE,KXHYPE15M-26SEP200530-30,hype-updown-15m-1789896600,A,0.491,0.509,1.0,up,up,,,,,,,,,0.0,0.0,,,,,,,,,,,
2026-09-20T12:48:43.717647+00:00,CLOSED,DOGE,KXDOGE15M-26SEP200530-30,doge-updown-15m-1789896600,A,0.471,0.529,1.0,up,up,,,,,,,,,0.0,0.0,,,,,,,,,,,
2026-09-20T12:48:43.919419+00:00,CLOSED,ZEC,KXZEC15M-26SEP200545-45,zec-updown-15m-1789896600,B,0.77,0.23,1.0,up,up,,,,,,,,,0.0,0.0,,,,,,,,,,,
2026-09-20T12:48:44.124598+00:00,CLOSED,ZEC,KXZEC15M-26SEP200600-00,zec-updown-15m-1789897500,B,0.795,0.205,1.0,down,down,,,,,,,,,0.0,0.0,,,,,,,,,,,
2026-09-20T12:48:44.303890+00:00,CLOSED,SOL,KXSOL15M-26SEP200600-00,sol-updown-15m-1789898400,B,0.401,0.599,1.0,down,down,,,,,,,,,0.0,0.0,,,,,,,,,,,
2026-09-20T12:48:44.486956+00:00,CLOSED,HYPE,KXHYPE15M-26SEP200600-00,hype-updown-15m-1789898400,B,0.371,0.629,1.0,down,down,,,,,,,,,0.0,0.0,,,,,,,,,,,
2026-09-20T12:48:44.681499+00:00,CLOSED,ZEC,KXZEC15M-26SEP200615-15,zec-updown-15m-1789898400,A,0.77,0.23,1.0,up,up,,,,,,,,,0.0,0.0,,,,,,,,,,,
2026-09-20T12:48:44.882628+00:00,CLOSED,BNB,KXBNB15M-26SEP200615-15,bnb-updown-15m-1789898400,A,0.79,0.21,1.0,down,down,,,,,,,,,0.0,0.0,,,,,,,,,,,
2026-09-20T12:48:44.982318+00:00,CLOSED,SOL,KXSOL15M-26SEP200630-30,sol-updown-15m-1789899300,B,0.79,0.21,1.0,up,up,,,,,,,,,0.0,0.0,,,,,,,,,,,
2026-09-20T12:48:45.176663+00:00,CLOSED,ZEC,KXZEC15M-26SEP200630-30,zec-updown-15m-1789899300,A,0.72,0.28,1.0,down,down,,,,,,,,,0.0,0.0,,,,,,,,,,,
2026-09-20T12:48:45.387390+00:00,CLOSED,HYPE,KXHYPE15M-26SEP200630-30,hype-updown-15m-1789899300,B,0.79,0.21,1.0,up,up,,,,,,,,,0.0,0.0,,,,,,,,,,,
2026-09-20T12:48:45.572858+00:00,CLOSED,DOGE,KXDOGE15M-26SEP200645-45,doge-updown-15m-1789900200,A,0.78,0.22,1.0,down,down,,,,,,,,,0.0,0.0,,,,,,,,,,,
2026-09-20T12:48:45.775420+00:00,CLOSED,ZEC,KXZEC15M-26SEP200645-45,zec-updown-15m-1789900200,A,0.47,0.53,1.0,down,down,,,,,,,,,0.0,0.0,,,,,,,,,,,
2026-09-20T12:48:45.971618+00:00,CLOSED,ZEC,KXZEC15M-26SEP200700-00,zec-updown-15m-1789901100,A,0.79,0.21,1.0,down,down,,,,,,,,,0.0,0.0,,,,,,,,,,,
2026-09-20T12:48:46.151159+00:00,CLOSED,SOL,KXSOL15M-26SEP200700-00,sol-updown-15m-1789901100,A,0.78,0.22,1.0,down,down,,,,,,,,,0.0,0.0,,,,,,,,,,,
2026-09-20T12:48:46.332306+00:00,CLOSED,BNB,KXBNB15M-26SEP200700-00,bnb-updown-15m-1789901100,A,0.48,0.52,1.0,down,down,,,,,,,,,0.0,0.0,,,,,,,,,,,
2026-09-20T12:48:46.428266+00:00,CLOSED,ETH,KXETH15M-26SEP200700-00,eth-updown-15m-1789902000,B,0.511,0.489,1.0,down,down,,,,,,,,,0.0,0.0,,,,,,,,,,,
2026-09-20T12:48:46.614039+00:00,CLOSED,XRP,KXXRP15M-26SEP200700-00,xrp-updown-15m-1789902000,B,0.521,0.479,1.0,down,down,,,,,,,,,0.0,0.0,,,,,,,,,,,
2026-09-20T12:48:46.688889+00:00,CLOSED,BTC,KXBTC15M-26SEP200715-15,btc-updown-15m-1789902000,B,0.76,0.24,1.0,up,up,,,,,,,,,0.0,0.0,,,,,,,,,,,
2026-09-20T12:48:46.867614+00:00,CLOSED,BNB,KXBNB15M-26SEP200715-15,bnb-updown-15m-1789902000,B,0.74,0.26,1.0,up,up,,,,,,,,,0.0,0.0,,,,,,,,,,,
2026-09-20T12:48:47.200338+00:00,CLOSED,HYPE,KXHYPE15M-26SEP200715-15,hype-updown-15m-1789902000,B,0.78,0.22,1.0,up,up,,,,,,,,,0.0,0.0,,,,,,,,,,,
2026-09-20T12:48:47.267196+00:00,CLOSED,ETH,KXETH15M-26SEP200715-15,eth-updown-15m-1789902000,B,0.64,0.36,1.0,down,down,,,,,,,,,0.0,0.0,,,,,,,,,,,
2026-09-20T12:48:47.444019+00:00,CLOSED,DOGE,KXDOGE15M-26SEP200715-15,doge-updown-15m-1789902000,B,0.75,0.25,1.0,up,up,,,,,,,,,0.0,0.0,,,,,,,,,,,
2026-09-20T12:48:47.634578+00:00,CLOSED,ZEC,KXZEC15M-26SEP200715-15,zec-updown-15m-1789902000,A,0.74,0.26,1.0,up,up,,,,,,,,,0.0,0.0,,,,,,,,,,,
2026-09-20T12:48:47.830113+00:00,CLOSED,ZEC,KXZEC15M-26SEP200730-30,zec-updown-15m-1789902900,B,0.11,0.89,1.0,down,down,,,,,,,,,0.0,0.0,,,,,,,,,,,
2026-09-20T12:48:48.002248+00:00,CLOSED,SOL,KXSOL15M-26SEP200730-30,sol-updown-15m-1789903800,A,0.531,0.469,1.0,up,up,,,,,,,,,0.0,0.0,,,,,,,,,,,
2026-09-20T12:48:48.174540+00:00,CLOSED,DOGE,KXDOGE15M-26SEP200745-45,doge-updown-15m-1789903800,B,0.77,0.23,1.0,up,up,,,,,,,,,0.0,0.0,,,,,,,,,,,
2026-09-20T12:48:48.348066+00:00,CLOSED,ZEC,KXZEC15M-26SEP200745-45,zec-updown-15m-1789903800,A,0.793,0.207,1.0,up,up,,,,,,,,,0.0,0.0,,,,,,,,,,,
2026-09-20T12:48:48.535760+00:00,CLOSED,BNB,KXBNB15M-26SEP200745-45,bnb-updown-15m-1789903800,A,0.654,0.346,1.0,up,up,,,,,,,,,0.0,0.0,,,,,,,,,,,
2026-09-20T12:48:48.708909+00:00,CLOSED,ZEC,KXZEC15M-26SEP200800-00,zec-updown-15m-1789904700,A,0.74,0.26,1.0,up,up,,,,,,,,,0.0,0.0,,,,,,,,,,,
2026-09-20T12:48:48.904986+00:00,CLOSED,ZEC,KXZEC15M-26SEP200815-15,zec-updown-15m-1789905600,A,0.793,0.207,1.0,up,up,,,,,,,,,0.0,0.0,,,,,,,,,,,
2026-09-20T12:48:49.081927+00:00,CLOSED,ZEC,KXZEC15M-26SEP200830-30,zec-updown-15m-1789906500,A,0.77,0.23,1.0,down,down,,,,,,,,,0.0,0.0,,,,,,,,,,,
2026-09-20T13:36:47.952615+00:00,CLOSED,ETH,KXETH15M-26SEP200830-30,eth-updown-15m-1789907400,B,0.511,-0.511,0.0,down,up,,,,,,,,,0.0,0.0,,,,,,,,,,,
2026-09-20T13:36:48.217464+00:00,CLOSED,ZEC,KXZEC15M-26SEP200845-45,zec-updown-15m-1789907400,B,0.79,0.21,1.0,up,up,,,,,,,,,0.0,0.0,,,,,,,,,,,
2026-09-20T13:36:48.307776+00:00,CLOSED,ETH,KXETH15M-26SEP200845-45,eth-updown-15m-1789907400,B,0.76,-0.76,0.0,down,up,,,,,,,,,0.0,0.0,,,,,,,,,,,
2026-09-20T13:36:48.420679+00:00,CLOSED,HYPE,KXHYPE15M-26SEP200845-45,hype-updown-15m-1789907400,B,0.77,-0.77,0.0,down,up,,,,,,,,,0.0,0.0,,,,,,,,,,,
2026-09-20T13:36:48.576812+00:00,CLOSED,SOL,KXSOL15M-26SEP200830-30,sol-updown-15m-1789907400,B,0.541,-0.541,0.0,down,up,,,,,,,,,0.0,0.0,,,,,,,,,,,
2026-09-20T13:36:48.667012+00:00,CLOSED,SOL,KXSOL15M-26SEP200845-45,sol-updown-15m-1789907400,A,0.72,0.28,1.0,up,up,,,,,,,,,0.0,0.0,,,,,,,,,,,
2026-09-20T13:36:48.781257+00:00,CLOSED,XRP,KXXRP15M-26SEP200845-45,xrp-updown-15m-1789907400,B,0.78,0.22,1.0,up,up,,,,,,,,,0.0,0.0,,,,,,,,,,,
2026-09-20T13:36:48.897953+00:00,CLOSED,BNB,KXBNB15M-26SEP200900-00,bnb-updown-15m-1789908300,A,0.5,0.5,1.0,up,up,,,,,,,,,0.0,0.0,,,,,,,,,,,
2026-09-20T13:36:49.155027+00:00,CLOSED,ZEC,KXZEC15M-26SEP200900-00,zec-updown-15m-1789908300,B,0.69,0.31,1.0,up,up,,,,,,,,,0.0,0.0,,,,,,,,,,,
2026-09-20T13:36:49.435265+00:00,CLOSED,ZEC,KXZEC15M-26SEP200915-15,zec-updown-15m-1789909200,A,0.79,0.21,1.0,down,down,,,,,,,,,0.0,0.0,,,,,,,,,,,
2026-09-20T13:36:49.566502+00:00,CLOSED,XRP,KXXRP15M-26SEP200915-15,xrp-updown-15m-1789909200,A,0.75,0.25,1.0,down,down,,,,,,,,,0.0,0.0,,,,,,,,,,,
2026-09-20T13:36:49.656045+00:00,CLOSED,XRP,KXXRP15M-26SEP200930-30,xrp-updown-15m-1789910100,B,0.79,0.21,1.0,down,down,,,,,,,,,0.0,0.0,,,,,,,,,,,
2026-09-20T13:36:49.907418+00:00,CLOSED,ZEC,KXZEC15M-26SEP200930-30,zec-updown-15m-1789910100,A,0.75,0.25,1.0,down,down,,,,,,,,,0.0,0.0,,,,,,,,,,,
2026-09-20T13:36:49.998931+00:00,CLOSED,DOGE,KXDOGE15M-26SEP200930-30,doge-updown-15m-1789910100,A,0.79,0.21,1.0,down,down,,,,,,,,,0.0,0.0,,,,,,,,,,,
2026-09-20T13:36:50.088283+00:00,CLOSED,SOL,KXSOL15M-26SEP200930-30,sol-updown-15m-1789910100,B,0.69,0.31,1.0,down,down,,,,,,,,,0.0,0.0,,,,,,,,,,,
2026-09-20T13:36:50.181338+00:00,CLOSED,ETH,KXETH15M-26SEP200930-30,eth-updown-15m-1789910100,A,0.66,0.34,1.0,down,down,,,,,,,,,0.0,0.0,,,,,,,,,,,
2026-09-20T13:50:38.141887+00:00,CLOSED,BTC,KXBTC15M-26SEP200930-30,btc-updown-15m-1789911000,B,0.501,-0.501,0.0,down,up,,,,,,,,,0.0,0.0,,,,,,,,,,,
2026-09-20T13:50:38.439325+00:00,CLOSED,BNB,KXBNB15M-26SEP200930-30,bnb-updown-15m-1789911000,B,0.451,0.549,1.0,down,down,,0.0,,,,0.0,,,0.0,0.0,,,,,,,,,,,
2026-09-20T13:50:38.476750+00:00,CLOSED,ZEC,KXZEC15M-26SEP200945-45,zec-updown-15m-1789911000,A,0.79,0.21,1.0,down,down,,,,,,,,,0.0,0.0,,,,,,,,,,,
2026-09-20T14:04:42.989737+00:00,CLOSED,ETH,KXETH15M-26SEP201000-00,eth-updown-15m-1789911900,B,0.79,0.21,1.0,up,up,,,,,,,,,0.0,0.0,,,,,,,,,,,
2026-09-20T14:04:43.446649+00:00,CLOSED,XRP,KXXRP15M-26SEP201000-00,xrp-updown-15m-1789911900,B,0.66,0.34,1.0,up,up,,0.0,,,,0.0,,,0.0,0.0,,,,,,,,,,,
2026-09-20T14:04:43.864344+00:00,CLOSED,BNB,KXBNB15M-26SEP201000-00,bnb-updown-15m-1789911900,B,0.68,0.32,1.0,up,up,,0.0,,,,0.0,,,0.0,0.0,,,,,,,,,,,
2026-09-20T14:08:32.426347+00:00,CLOSED,SOL,KXSOL15M-26SEP201000-00,sol-updown-15m-1789911900,B,0.74,0.26,1.0,up,up,,,,,,,,,0.0,0.0,,,,,,,,,,,
2026-09-20T14:08:32.498215+00:00,CLOSED,DOGE,KXDOGE15M-26SEP201000-00,doge-updown-15m-1789911900,A,0.76,0.24,1.0,up,up,,,,,,,,,0.0,0.0,,,,,,,,,,,
2026-09-20T14:20:41.281940+00:00,CLOSED,HYPE,KXHYPE15M-26SEP201000-00,hype-updown-15m-1789912800,A,0.471,-0.471,0.0,up,down,,0.0,,,,0.0,,,0.0,0.0,,,,,,,,,,,
2026-09-20T14:20:41.317565+00:00,CLOSED,ZEC,KXZEC15M-26SEP201015-15,zec-updown-15m-1789912800,A,0.28,0.72,1.0,down,down,,,,,,,,,0.0,0.0,,,,,,,,,,,
2026-09-20T14:20:41.570787+00:00,CLOSED,HYPE,KXHYPE15M-26SEP201015-15,hype-updown-15m-1789912800,A,0.73,0.27,1.0,down,down,,0.0,,,,0.0,,,0.0,0.0,,,,,,,,,,,
2026-09-20T14:20:41.601908+00:00,CLOSED,SOL,KXSOL15M-26SEP201015-15,sol-updown-15m-1789912800,A,0.59,0.41,1.0,down,down,,,,,,,,,0.0,0.0,,,,,,,,,,,
2026-09-20T14:23:13.272308+00:00,CLOSED,BTC,KXBTC15M-26SEP201000-00,btc-updown-15m-1789912800,A,0.601,0.399,1.0,up,up,,,,,,,,,0.0,0.0,,,,,,,,,,,
2026-09-20T14:23:13.309562+00:00,CLOSED,ETH,KXETH15M-26SEP201015-15,eth-updown-15m-1789912800,A,0.64,0.36,1.0,down,down,,,,,,,,,0.0,0.0,,,,,,,,,,,
2026-09-20T14:36:39.242019+00:00,CLOSED,ZEC,KXZEC15M-26SEP201030-30,zec-updown-15m-1789913700,B,0.64,0.36,1.0,up,up,,,,,,,,,0.0,0.0,,,,,,,,,,,
2026-09-20T14:48:39.810453+00:00,CLOSED,DOGE,KXDOGE15M-26SEP201030-30,doge-updown-15m-1789914600,B,0.461,-0.461,0.0,down,up,,0.0,,,,0.0,,,0.0,0.0,,,,,,,,,,,
2026-09-20T14:50:42.548365+00:00,CLOSED,BTC,KXBTC15M-26SEP201030-30,btc-updown-15m-1789914600,B,0.521,-0.521,0.0,down,up,,,,,,,,,0.0,0.0,,,,,,,,,,,
2026-09-20T14:50:42.827680+00:00,CLOSED,ZEC,KXZEC15M-26SEP201045-45,zec-updown-15m-1789914600,A,0.75,-0.75,0.0,up,down,,,,,,,,,0.0,0.0,,,,,,,,,,,
2026-09-20T14:52:36.887517+00:00,CLOSED,XRP,KXXRP15M-26SEP201030-30,xrp-updown-15m-1789914600,B,0.411,-0.411,0.0,down,up,,,,,,,,,0.0,0.0,,,,,,,,,,,
2026-09-20T15:04:40.285922+00:00,CLOSED,ZEC,KXZEC15M-26SEP201100-00,zec-updown-15m-1789915500,B,0.42,0.58,1.0,down,down,,,,,,,,,0.0,0.0,,,,,,,,,,,
2026-09-20T15:20:37.571144+00:00,CLOSED,ETH,KXETH15M-26SEP201100-00,eth-updown-15m-1789916400,A,0.551,0.449,1.0,up,up,,,,,,,,,0.0,0.0,,,,,,,,,,,
2026-09-20T15:22:40.183094+00:00,CLOSED,BTC,KXBTC15M-26SEP201100-00,btc-updown-15m-1789916400,A,0.601,0.399,1.0,up,up,,,,,,,,,0.0,0.0,,,,,,,,,,,
2026-09-20T15:22:40.212841+00:00,CLOSED,SOL,KXSOL15M-26SEP201115-15,sol-updown-15m-1789916400,A,0.53,-0.53,0.0,up,down,,,,,,,,,0.0,0.0,,,,,,,,,,,
2026-09-20T15:35:12.855712+00:00,CLOSED,DOGE,KXDOGE15M-26SEP201130-30,doge-updown-15m-1789917300,B,0.73,0.27,1.0,down,down,,,,,,,,,0.0,0.0,,,,,,,,,,,
2026-09-20T15:35:13.091869+00:00,CLOSED,BNB,KXBNB15M-26SEP201130-30,bnb-updown-15m-1789917300,A,0.7,0.3,1.0,down,down,,0.0,,,,0.0,,,0.0,0.0,,,,,,,,,,,
2026-09-20T15:36:42.158896+00:00,CLOSED,ZEC,KXZEC15M-26SEP201130-30,zec-updown-15m-1789917300,A,0.23,0.77,1.0,up,up,,,,,,,,,0.0,0.0,,,,,,,,,,,
2026-09-20T15:40:35.830610+00:00,CLOSED,BTC,KXBTC15M-26SEP201130-30,btc-updown-15m-1789917300,B,0.79,0.21,1.0,down,down,,,,,,,,,0.0,0.0,,,,,,,,,,,
2026-09-20T15:40:35.903058+00:00,CLOSED,XRP,KXXRP15M-26SEP201130-30,xrp-updown-15m-1789917300,B,0.75,0.25,1.0,down,down,,,,,,,,,0.0,0.0,,,,,,,,,,,
2026-09-20T15:40:35.975601+00:00,CLOSED,SOL,KXSOL15M-26SEP201130-30,sol-updown-15m-1789917300,A,0.69,0.31,1.0,down,down,,,,,,,,,0.0,0.0,,,,,,,,,,,
2026-09-20T15:50:44.205421+00:00,CLOSED,ETH,KXETH15M-26SEP201130-30,eth-updown-15m-1789918200,B,0.351,-0.351,0.0,down,up,,,,,,,,,0.0,0.0,,,,,,,,,,,
2026-09-20T15:52:36.910165+00:00,CLOSED,HYPE,KXHYPE15M-26SEP201130-30,hype-updown-15m-1789918200,B,0.342,-0.342,0.0,down,up,,,,,,,,,0.0,0.0,,,,,,,,,,,
2026-09-20T15:52:37.161776+00:00,CLOSED,ZEC,KXZEC15M-26SEP201145-45,zec-updown-15m-1789918200,B,0.75,0.25,1.0,up,up,,,,,,,,,0.0,0.0,,,,,,,,,,,
2026-09-20T16:02:33.892941+00:00,CLOSED,ZEC,KXZEC15M-26SEP201200-00,zec-updown-15m-1789919100,B,0.77,0.23,1.0,up,up,,,,,,,,,0.0,0.0,,,,,,,,,,,
2026-09-20T16:18:35.841310+00:00,CLOSED,DOGE,KXDOGE15M-26SEP201215-15,doge-updown-15m-1789920000,B,0.79,0.21,1.0,up,up,,0.0,,,,0.0,,,0.0,0.0,,,,,,,,,,,
2026-09-20T16:18:35.873522+00:00,CLOSED,ZEC,KXZEC15M-26SEP201215-15,zec-updown-15m-1789920000,B,0.73,0.27,1.0,up,up,,,,,,,,,0.0,0.0,,,,,,,,,,,
2026-09-20T16:22:54.529806+00:00,CLOSED,BTC,KXBTC15M-26SEP201200-00,btc-updown-15m-1789920000,A,0.411,0.589,1.0,up,up,,,,,,,,,0.0,0.0,,,,,,,,,,,
2026-09-20T16:22:54.617890+00:00,CLOSED,ETH,KXETH15M-26SEP201200-00,eth-updown-15m-1789920000,A,0.371,0.629,1.0,up,up,,,,,,,,,0.0,0.0,,,,,,,,,,,
2026-09-20T16:34:39.257304+00:00,CLOSED,BNB,KXBNB15M-26SEP201230-30,bnb-updown-15m-1789920900,B,0.562,0.438,1.0,up,up,,0.0,,,,0.0,,,0.0,0.0,,,,,,,,,,,
2026-09-20T16:36:39.034854+00:00,CLOSED,ZEC,KXZEC15M-26SEP201230-30,zec-updown-15m-1789920900,B,0.75,0.25,1.0,down,down,,,,,,,,,0.0,0.0,,,,,,,,,,,
2026-09-20T16:36:39.108340+00:00,CLOSED,BTC,KXBTC15M-26SEP201230-30,btc-updown-15m-1789920900,B,0.46,0.54,1.0,up,up,,,,,,,,,0.0,0.0,,,,,,,,,,,
2026-09-20T16:53:14.924270+00:00,CLOSED,ETH,KXETH15M-26SEP201230-30,eth-updown-15m-1789921800,B,0.561,-0.561,0.0,down,up,,,,,,,,,0.0,0.0,,,,,,,,,,,
2026-09-20T16:53:15.065929+00:00,CLOSED,XRP,KXXRP15M-26SEP201230-30,xrp-updown-15m-1789921800,A,0.461,0.539,1.0,up,up,,,,,,,,,0.0,0.0,,,,,,,,,,,
2026-09-20T16:53:15.326097+00:00,CLOSED,ZEC,KXZEC15M-26SEP201245-45,zec-updown-15m-1789921800,A,0.74,0.26,1.0,up,up,,,,,,,,,0.0,0.0,,,,,,,,,,,
2026-09-20T17:04:45.197673+00:00,CLOSED,ZEC,KXZEC15M-26SEP201300-00,zec-updown-15m-1789922700,B,0.73,0.27,1.0,down,down,,,,,,,,,0.0,0.0,,,,,,,,,,,
2026-09-20T17:06:43.709639+00:00,CLOSED,DOGE,KXDOGE15M-26SEP201300-00,doge-updown-15m-1789922700,A,0.54,0.46,1.0,down,down,,0.0,,,,0.0,,,0.0,0.0,,,,,,,,,,,
2026-09-20T17:52:36.252942+00:00,CLOSED,ZEC,KXZEC15M-26SEP201315-15,zec-updown-15m-1789923600,B,0.79,0.21,1.0,up,up,,,,,,,,,,,,100.0,,100.0,0.0,100.0,0.0,100.0,SKIPPED_INSUFFICIENT_DEPTH,0.0,
2026-09-20T17:52:36.356995+00:00,CLOSED,XRP,KXXRP15M-26SEP201300-00,xrp-updown-15m-1789923600,B,0.611,0.389,1.0,down,down,,,,,,,,,,,,100.0,,100.0,0.0,100.0,0.0,100.0,SKIPPED_INSUFFICIENT_DEPTH,0.0,
2026-09-20T17:52:36.490012+00:00,CLOSED,HYPE,KXHYPE15M-26SEP201315-15,hype-updown-15m-1789923600,A,0.4,0.6,1.0,down,down,,,,,,,,,,,,100.0,,100.0,0.0,100.0,0.0,100.0,SKIPPED_INSUFFICIENT_DEPTH,0.0,
2026-09-20T17:52:36.633074+00:00,CLOSED,ZEC,KXZEC15M-26SEP201330-30,zec-updown-15m-1789924500,B,0.78,0.22,1.0,down,down,,,,,,,,,,,,100.0,,100.0,0.0,100.0,0.0,100.0,SKIPPED_INSUFFICIENT_DEPTH,0.0,
2026-09-20T17:52:36.741862+00:00,CLOSED,BTC,KXBTC15M-26SEP201330-30,btc-updown-15m-1789924500,A,0.7,0.3,1.0,down,down,,,,,,,,,,,,100.0,,100.0,0.0,100.0,0.0,100.0,SKIPPED_INSUFFICIENT_DEPTH,0.0,
2026-09-20T17:52:36.827379+00:00,CLOSED,SOL,KXSOL15M-26SEP201330-30,sol-updown-15m-1789924500,B,0.7,0.3,1.0,down,down,,,,,,,,,,,,100.0,,100.0,0.0,100.0,0.0,100.0,SKIPPED_INSUFFICIENT_DEPTH,0.0,
2026-09-20T17:52:36.928108+00:00,CLOSED,ZEC,KXZEC15M-26SEP201345-45,zec-updown-15m-1789925400,B,0.76,0.24,1.0,up,up,,,,,,,,,,,,100.0,,100.0,0.0,100.0,0.0,100.0,SKIPPED_INSUFFICIENT_DEPTH,0.0,
2026-09-20T19:04:36.600006+00:00,CLOSED,ZEC,KXZEC15M-26SEP201400-00,zec-updown-15m-1789926300,B,0.044,0.956,1.0,down,down,,,,,,,,,,,,100.0,,100.0,0.0,100.0,0.0,100.0,SKIPPED_INSUFFICIENT_DEPTH,0.0,
2026-09-20T19:04:36.723363+00:00,CLOSED,ZEC,KXZEC15M-26SEP201415-15,zec-updown-15m-1789927200,B,0.77,0.23,1.0,up,up,,,,,,,,,,,,100.0,,100.0,0.0,100.0,0.0,100.0,SKIPPED_INSUFFICIENT_DEPTH,0.0,
2026-09-20T19:04:36.925457+00:00,CLOSED,ZEC,KXZEC15M-26SEP201430-30,zec-updown-15m-1789928100,A,0.019,0.981,1.0,up,up,,,,,,,,,,,,100.0,,100.0,0.0,100.0,0.0,100.0,SKIPPED_INSUFFICIENT_DEPTH,0.0,
2026-09-20T19:04:37.007460+00:00,CLOSED,ETH,KXETH15M-26SEP201430-30,eth-updown-15m-1789929000,A,0.511,-0.511,0.0,up,down,,,,,,,,,,,,100.0,,100.0,0.0,100.0,0.0,100.0,SKIPPED_INSUFFICIENT_DEPTH,0.0,
2026-09-20T19:04:37.060508+00:00,CLOSED,SOL,KXSOL15M-26SEP201430-30,sol-updown-15m-1789929000,A,0.531,-0.531,0.0,up,down,,,,,,,,,,,,100.0,,100.0,0.0,100.0,0.0,100.0,SKIPPED_INSUFFICIENT_DEPTH,0.0,
2026-09-20T19:04:37.136420+00:00,CLOSED,HYPE,KXHYPE15M-26SEP201430-30,hype-updown-15m-1789929000,A,0.591,0.409,1.0,up,up,,,,,,,,,,,,100.0,,100.0,0.0,100.0,0.0,100.0,SKIPPED_INSUFFICIENT_DEPTH,0.0,
2026-09-20T19:04:37.192066+00:00,CLOSED,XRP,KXXRP15M-26SEP201430-30,xrp-updown-15m-1789929000,A,0.561,-0.561,0.0,up,down,,,,,,,,,,,,100.0,,100.0,0.0,100.0,0.0,100.0,SKIPPED_INSUFFICIENT_DEPTH,0.0,
2026-09-20T19:04:37.271855+00:00,CLOSED,ZEC,KXZEC15M-26SEP201445-45,zec-updown-15m-1789929000,A,0.79,0.21,1.0,down,down,,,,,,,,,,,,100.0,,100.0,0.0,100.0,0.0,100.0,SKIPPED_INSUFFICIENT_DEPTH,0.0,
2026-09-20T19:04:37.361322+00:00,CLOSED,BTC,KXBTC15M-26SEP201430-30,btc-updown-15m-1789929000,A,0.531,-0.531,0.0,up,down,,,,,,,,,,,,100.0,,100.0,0.0,100.0,0.0,100.0,SKIPPED_INSUFFICIENT_DEPTH,0.0,
2026-09-20T19:04:37.439165+00:00,CLOSED,BNB,KXBNB15M-26SEP201445-45,bnb-updown-15m-1789929000,B,0.72,0.28,1.0,up,up,,,,,,,,,,,,100.0,,100.0,0.0,100.0,0.0,100.0,SKIPPED_INSUFFICIENT_DEPTH,0.0,
2026-09-20T19:04:37.860066+00:00,CLOSED,BTC,KXBTC15M-26SEP201500-00,btc-updown-15m-1789929900,A,0.78,0.22,1.0,down,down,,0.0,,,,0.0,,,,,0.0,100.0,0.0,100.0,0.0,100.0,0.0,100.0,SKIPPED_INSUFFICIENT_DEPTH,0.0,
2026-09-20T19:04:37.907675+00:00,CLOSED,ZEC,KXZEC15M-26SEP201500-00,zec-updown-15m-1789929900,A,0.77,0.23,1.0,down,down,,,,,,,,,,,,100.0,,100.0,0.0,100.0,0.0,100.0,SKIPPED_INSUFFICIENT_DEPTH,0.0,
2026-09-20T19:38:36.870548+00:00,CLOSED,ZEC,KXZEC15M-26SEP201515-15,zec-updown-15m-1789930800,A,0.795,0.205,1.0,up,up,,,,,,,,,,,,100.0,,100.0,0.0,100.0,0.0,100.0,SKIPPED_INSUFFICIENT_DEPTH,0.0,
2026-09-20T19:38:36.950407+00:00,CLOSED,ETH,KXETH15M-26SEP201530-30,eth-updown-15m-1789931700,A,0.6,0.4,1.0,up,up,,,,,,,,,,,,100.0,,100.0,0.0,100.0,0.0,100.0,SKIPPED_INSUFFICIENT_DEPTH,0.0,
2026-09-20T19:38:37.212940+00:00,CLOSED,ZEC,KXZEC15M-26SEP201530-30,zec-updown-15m-1789931700,A,0.17,0.83,1.0,up,up,,,,,,,,,,,,100.0,,100.0,0.0,100.0,0.0,100.0,SKIPPED_INSUFFICIENT_DEPTH,0.0,
2026-09-20T19:38:37.342371+00:00,CLOSED,BTC,KXBTC15M-26SEP201530-30,btc-updown-15m-1789931700,A,0.76,0.24,1.0,up,up,,,,,,,,,,,,100.0,,100.0,0.0,100.0,0.0,100.0,SKIPPED_INSUFFICIENT_DEPTH,0.0,
2026-09-20T19:48:40.724666+00:00,CLOSED,SOL,KXSOL15M-26SEP201530-30,sol-updown-15m-1789932600,A,0.551,0.449,1.0,up,up,,,,,,,,,,,,,,,,,,,,,2026-09-20T19:30:25.099415+00:00
2026-09-20T19:50:36.393626+00:00,CLOSED,BNB,KXBNB15M-26SEP201530-30,bnb-updown-15m-1789932600,A,0.511,0.489,1.0,up,up,,,,,,,,,,,,,,,,,,,,,2026-09-20T19:30:25.099415+00:00
2026-09-20T19:50:36.393707+00:00,CLOSED,HYPE,KXHYPE15M-26SEP201530-30,hype-updown-15m-1789932600,A,0.441,-0.441,0.0,up,down,,,,,,,,,,,,,,,,,,,,,2026-09-20T19:30:25.099415+00:00
